Average_269	ZNF76_HUMAN.H11MO.0.C	Microglia_pattern_11	ZNF76
Average_155	CTCF_MA0139.1	Microglia_pattern_0	CTCF
Average_245	SOX9_HUMAN.H11MO.0.B	Astrocyte_pattern_5	SOX:SOX
Average_176	NFYB_HUMAN.H11MO.0.A	Astrocyte_pattern_3	NFY
Average_137	MEF2D_MOUSE.H11MO.0.A	Retinalganglioncell_pattern_6	MEF
Average_197	RFX3_MOUSE.H11MO.0.C	GABAamacrine_pattern_12	RFX/1
Average_253	SPIB_HUMAN.H11MO.0.A	Microglia_pattern_3	SPI
Average_270	PAX6_HUMAN.H11MO.0.C	GABAamacrine_pattern_6	PAX	
Average_213	SP2_HUMAN.H11MO.0.A	Microglia_pattern_2	SP
Average_205	NFIC_HUMAN.H11MO.0.A	Astrocyte_pattern_1	NFI
Average_228	JUND_MA0492.1	Mullerglia_pattern_23	ATF
Average_233	MAZ_HUMAN.H11MO.0.A	Rodbipolar_pattern_12	MAZ
Average_257	ATF3_MOUSE.H11MO.0.A	Astrocyte_pattern_4	AP-1
Average_252	NDF1_HUMAN.H11MO.0.A	Glyamacrine_pattern_0	BHLH(CAGMTG)
Average_196	TYY1_HUMAN.H11MO.0.A	ONconebipolar_pattern_14	YY1
Average_248	USF1_HUMAN.H11MO.0.A	Microglia_pattern_10	BHLH(CACGTGAC)
Average_240	ATF1_HUMAN.H11MO.0.B	Microglia_pattern_5	CREB
Average_121	Rfx2.mouse_RFX_2	GABAamacrine_pattern_27	RFX/2
Average_272	Gabpa_MA0062.2	Astrocyte_pattern_7	ETS
Average_212	ZBTB33_MA0527.1	Astrocyte_pattern_15	KAISO
Average_256	NRF1_HUMAN.H11MO.0.A	Glyamacrine_pattern_3	NRF
Retinalganglioncell_pattern_2.pfm	EBF1_EBF_1	Retinalganglioncell_pattern_2	EBF
Average_215	AP2A_MOUSE.H11MO.0.A	GABAamacrine_pattern_2	TFAP
Average_261	RORA_MA0072.1	Horizontal_pattern_1	NR
Retinalganglioncell_pattern_7.pfm	POU4F3_MA0791.1	Retinalganglioncell_pattern_7	POU4F1
Average_268	OTX2_MA0712.1	Rodbipolar_pattern_0	OTX
Average_229	POU6F2_POU_3	Mullerglia_pattern_0	LHX
Average_241	CRX_HUMAN.H11MO.0.B	Cone_pattern_2	OTX:-1:OTX
GABAamacrine_pattern_21.pfm	ASCL1_MA1100.1	GABAamacrine_pattern_21	BHLH(CAGCTGC)
Average_263	LHX2_homeodomain_2	Mullerglia_pattern_22	LHX:LHX
Average_247	HNF6_HUMAN.H11MO.0.B	Horizontal_pattern_3	ONECUT
Average_219	OTX2_MOUSE.H11MO.0.A	Cone_pattern_11	OTX:3:OTX
Average_273	TEF_bZIP_2	GABAamacrine_pattern_5	NFIL
Average_262	NFIB_MOUSE.H11MO.0.C	Glyamacrine_pattern_8	NFI(HALF)
Average_251	RHOXF1_homeodomain_1	Cone_pattern_4	OTX:4:OTX
Average_141	Dmbx1_MA0883.1	Cone_pattern_15	OTX:0:OTX
Average_222	OTX2_MOUSE.H11MO.0.A	Cone_pattern_9	OTX:2:OTX
Average_264	TFAP4_bHLH_1	Rodbipolar_pattern_3	HOMEOBOX:TAAGC
Average_154	TGIF1_HUMAN.H11MO.0.A	GABAamacrine_pattern_0	HOMEOBOX:MEIS
