seq	selected	Astrocyte_fold_3	Microglia_fold_3	AIIamacrine_fold_3	GABAamacrine_fold_3	Glyamacrine_fold_3	Rodbipolar_fold_3	ONconebipolar_fold_3	OFFconebipolar_fold_3	Horizontal_fold_3	Mullerglia_fold_3	Rod_fold_3	Cone_fold_3	Retinalganglioncell_fold_3	Astrocyte_fold_4	Microglia_fold_4	AIIamacrine_fold_4	GABAamacrine_fold_4	Glyamacrine_fold_4	Rodbipolar_fold_4	ONconebipolar_fold_4	OFFconebipolar_fold_4	Horizontal_fold_4	Mullerglia_fold_4	Rod_fold_4	Cone_fold_4	Retinalganglioncell_fold_4
GTATGTCCGCTACTCCAGCCCCAAAAAAATCCTTTGAAATTATATTTATCTGATTGGTCCAACTCAGCAATATAATATATCAGGGTGAATGGACCAATCAATTTTTTTCTTTCTTTTGAGACATTGTCTTACTCCTGATTGGTCCATGGAGTGCAGTGGCATGATCACCAATCACTGCAGCCTTGACTTCCTCAGGTTCAGGTGATCCTCCCACCTCAGCCTCCCAAGTAGCTGGGACCATAGGCATTATTGATTTCAATTGGCTAATTTTCTGATTGGTCCATAGCTACAGGGTTTTGCCATGATGTCCAGGCTGGTGT	False	0.017337	0.0638699999999999	0.004183	0.001174	0.006507	0.001913	0.006109	0.000574	0.003816	0.00599	0.0465009999999999	0.0052789999999999	0.0026739999999999	0.007723	0.1128469999999999	0.0038899999999999	0.007922	0.005717	0.0011249999999999	0.000639	0.010483	0.001076	0.005166	0.062326	0.0051649999999999	0.000628
CATGCATCTGTGGTCCCAGTCACTTGGGAGGCTGAGGTGGGAGGATCGTTTGAGCCTGGGAGGTGAAACTTGCAGTGAGCCAATATTGTGCCACTGCACAAATCAATAGGCAACAGAGAGCCTGTCTGATGCCCTCAGGCAAAAAAAAAGGAGCCAGAGAAATCAATAGAAATTGCCCTCAGGCAAACTGATGCAGGGAAAATAAAAATAGGTTCTGAAACATGTTGCTATGCCAGAGTGCAATAATGCTTAAAAGTGATGAAGTGGCCGGGCATGTACTCCCAGCACTTTGGGAGGCCGAGGTGGACCAATCAGGAGAT	False	0.0230879999999999	0.0698989999999999	0.2792779999999999	0.066703	0.063838	0.083069	0.021478	0.015336	0.91882	0.042554	0.124165	0.027834	0.0926739999999999	0.019936	0.0855459999999999	0.0394109999999999	0.22623	0.076754	0.041918	0.0139519999999999	0.0736749999999999	0.9061940000000002	0.0545659999999999	0.090828	0.0279829999999999	0.0489869999999999
TTGGCTGGCTTGGCTGGCTTGGCTGGCTGGCTGGCTTGGCTGGCTGACTGGCATGGTTGGCTTCGCTGGCTTGGCTGTGGTGGGCCCCTGGCTTGGCTGGCTGGCTGGCTTGTCTGGCTTGGGTGGCTGGCTTGGCTGGCTTGGCTGGCTTGGCTGGCTTGGCCGGCTGGTAGACTTGCCTGGCTTTTCGGGCTTACTGGCTTGGCTGGCTATTGATTTATGGCTGGCTGGCTTGGAAATCAATACTGGCTTGGGTGGCTGGGAGGCTTTATTGATTTGGCTGGGTTGGCTGGCTGGCTGTATATTGATTTTTGGCTTGC	False	0.026908	0.093584	0.020798	0.168188	0.073855	0.3935100000000001	0.238248	0.061236	0.949149	0.069309	0.138074	0.0680509999999999	0.0088739999999999	0.148384	0.06669	0.059103	0.029411	0.0099879999999999	0.0170189999999999	0.01954	0.167096	0.8491999999999998	0.03671	0.1377979999999999	0.017518	0.018461
TTGGTATATCCAGAATCAGCTATTGATTTTTCTCAGTGAACTGGCAAGCTGAAAAATCAATAGCCAACTAGAGATGCCCTCAGGCATTCAAAATCAATACTAATGATACTATCCAACTGTTTCACTGGCACCTCTCCCTCGGCTCATGTCTATGGCTGTTTAAGATATTTCCTATTACCTGCTGATAAACAAGGAATAAAGTTTAGTTGGTTCTCAGAAAGGTCTGTTTTGGATGTAGATGGAAGCTCTTATTGGACCTGATTGGTCCAACACCACCACTAACTGAGCTTCATAAGACAATAAAGATAAGTCACATTTAA	False	0.0361749999999999	0.0605159999999999	0.070824	0.0419689999999999	0.047113	0.017215	0.029358	0.022445	0.848386	0.032134	0.111182	0.040845	0.042108	0.017032	0.078863	0.058991	0.042633	0.0381149999999999	0.031456	0.0177379999999999	0.053994	0.921772	0.0435039999999999	0.079711	0.026864	0.01228
ATTAAATCAATAAATGCCAACTTAATGGAGCTGTTGCTGGGAAACTAAGGAGTATCAAATATCCAATATCTGCAGAGATGGACCAATCAGGATCTGTTTTGTTTTTCTAAAGCTGCAACTTGCTCCTTGGTGCACTTTAGGTTATTCCTTTTTGGTTGGAAAGTGGCTCCCACACTCTCCTCTCCACCCACCCTTTGAAATCAATAGGCAATGCACTGATCAGCTGCCCCCAAAATCAATAGAATGTATTGATTTTTCCAGGTTGCCTGAGGGCACCAGCAGGCAGAGTGAGGAGTTCATCAATGAGGGAGGAGACTATG	False	0.025414	0.0437649999999999	0.0516409999999999	0.0240159999999999	0.051119	0.017811	0.021932	0.008725	0.969704	0.0302619999999999	0.110011	0.0204129999999999	0.0249099999999999	0.0205969999999999	0.074734	0.03314	0.0582979999999999	0.023353	0.0480829999999999	0.0130339999999999	0.0876929999999999	0.9526570000000002	0.079823	0.066263	0.0295229999999999	0.010149
TTTTTTTTTTTTGTTTTATTGGTATTTTTAGCAGAGATGCCCTCAGGCAGTGTTAGCCAAAAATCAATAGATCTCCTGACCTTGTGTTCCACCAGCCTGGGGCTCCCTATTGATTTGCATTACAGCCATGAGCCACTGCACCCAGCCTCAATTAGAAATCAATAATTCAACAGAGCAGATTTATCTTTCAACTTGTTACAAACAAAACAAAACAAAAACTTTTGAAAATGGACCAATCAGAAGAACCCAGAAAAAGAGAAAACATATCATGATCCTATTCAGCCATCTTGGTGTCCCACGCATCCCCATGGGTCTGCAGT	False	0.027044	0.0415409999999999	0.140846	0.057169	0.032894	0.038178	0.018424	0.0136099999999999	0.955848	0.041803	0.081669	0.02529	0.07493	0.020516	0.0614369999999999	0.049634	0.066746	0.02087	0.023662	0.011973	0.0629719999999999	0.962475	0.052531	0.0724929999999999	0.012822	0.0367329999999999
GTTCCCCTGAGTGTGATGAAAATCAATATAAAATCAATACCAGCCTGCAGTATTGATTTAGAGCAGGCCTGAGCTCTGTTCCCTTCCTGTTGCCTGAGGGCATGCATGTGTACATCTCAGACCACGAGTACTTTACAGACTTCAACGCCACGTCAGCACTCTTCTGGGAACACCACGATCTTGTGTATGGCGACTTGACTATCGGCGAGAACTCAGACGGCTGCTATGAGCACTTTGCTGAGCTCGATATCCCACAGGTGGGCTGATTGGTCCATTTCTGGACCCATGGCTGCTTGACTGGCACTGAAGGACCTTTTCCT	False	0.025016	0.0801299999999999	0.088863	0.044702	0.064228	0.040928	0.039618	0.0525859999999999	0.7219720000000001	0.0620519999999999	0.138624	0.0688599999999999	0.061047	0.017535	0.0812669999999999	0.0648369999999999	0.0823109999999999	0.029292	0.044981	0.022309	0.081946	0.9025369999999998	0.0545009999999999	0.124042	0.0307139999999999	0.056691
AATGGCATTGATTGCTACAGAGAGCAGCCAGGCGGAAGAGTCAATCGACAATCCATGTGGCAAACTGCCCTCAGGCATATTTTTTGGTATTGATTTTTTTGTTTATTGATTTTCTCATCTTGTCACCCAGGCTGGAGCGCATTGGCACAATCTCATCTCACTGCAACCTCCAACTCGCGGGTTCAAGTGATTCTCCTGCCTCAGCCTCCTGAATAGCTGGGATTACAGGTGCCTGCCAGTATGCCTGGCTACTTTTTTGTAGTTTTTGTAGAGATGAGGTTTTGCCATTTTGTTGGACCAATGAGGAACTCCTGACCTCA	False	0.030439	0.090648	0.1173879999999999	0.051084	0.0497	0.031847	0.030535	0.010435	0.9189900000000002	0.03227	0.0826939999999999	0.048816	0.0640499999999999	0.018694	0.12572	0.06006	0.097112	0.034092	0.0372299999999999	0.01056	0.057162	0.953238	0.059902	0.078438	0.028312	0.020445
CTGGTAGCCACATCACTCAGAGTCACTCCAATCTATTGATTTTTTTTACATCACCTTGTCTTCTGTCCATATCAAATGTCCTTCTGCCTCTCTATTGATTTGACACTCGTAATTACAGCTGACTGCCTAGCTAATTAAGTATTGATTTCCCATCTCTATATTAACTTAGTCACATCTGCAGAGCCTCTTCTTCCACATTCATCAACATTTACAAGTCCCGAGAATTACGGCCTGGTACTTTGGGAGGCCTACTACCCCTGGGTGTCTCAGATATTCATAATGTCTGATTTCTTCCCGTCATCTCTGGGGCCCACCATGGC	False	0.026172	0.041464	0.080594	0.045879	0.0613229999999999	0.0280529999999999	0.0299019999999999	0.037288	0.9314599999999998	0.045995	0.1144989999999999	0.061914	0.084144	0.022348	0.0895129999999999	0.058907	0.069844	0.0450609999999999	0.0426999999999999	0.028282	0.0871369999999999	0.921229	0.055236	0.087998	0.0310519999999999	0.0365399999999999
ACCTATGCCCATTACCTACAAGATGCCACCCAGGCTCCTTGGCATGTCTTTTACAGACCTTCATCCATTAGTCCATGCTGTCATCTCTCCCCTTATCCTCACCATTGGCCCCATCAATGCTGAACTCCATCCCCCCTTCCTATTCAGCCATCTTGGACACCACACTCATGGACCAATCAGGGCCTTCCGCAAGCTCTTTCCTCTTCCCAAGATACTATTGATTTCCTGCACTGGCAAGCCACCACACACAGCTGAGTATTGATTTGGTTCAACTATTGATTTGCTTTGTGGCCTGCTTTAGAGAACCAGACAGACAGGGA	False	0.0518159999999999	0.045524	0.057382	0.011634	0.06002	0.030912	0.026444	0.007121	0.6817779999999999	0.0370209999999999	0.0968849999999999	0.026802	0.008008	0.040403	0.094438	0.022771	0.029952	0.0400119999999999	0.0237269999999999	0.0031739999999999	0.023665	0.838993	0.047868	0.081091	0.0143959999999999	0.003944
CGTGTCACTGCGTGTTCACACGGCCTCTGATTGGTCCATTTTTGAGATTCAGTCTTGTTCTGTCACCCAGGCTGGTGTGCAGTGGTGCAATCTTGGCTCACTGCAGCCTCTGCCTCCCAGGTTCAAGTGATTCTTCTGCCTTAGCCTCTGGAGTAGCTGGGATTACAAGCGTGCACCACCACACCCAGCTAATTTTTGTATGTTTAGTAGAGATGGGTTTTCACCATGATGGGCAGCCTGCTCTCAAGCTGCCCTCAGGCATGATCTGCCCTATTGATTTTTCCATAATGTTGGAAAAATCAATACAGGCCACTGTGCCT	False	0.0794529999999999	0.0931459999999999	0.139258	0.127742	0.034149	0.035698	0.035142	0.055576	0.866525	0.034036	0.163662	0.058899	0.049393	0.0306479999999999	0.149525	0.038678	0.086358	0.026052	0.0510599999999999	0.0173259999999999	0.105602	0.8312510000000001	0.117438	0.129154	0.030953	0.035676
TCTATAAGAGGGATGTATTTTTTCCTTTTGGCAGGGGATCTCATTAGGCCACGTCCCCAACTCCCATGATTCCCTTTATCTGCTATGCTTCAGGATATTGATTTTTCTATTGATTTTTACTCCATTTGCCTGAGGGCACTTTGGTTTGGAGCCTGCCTGAGGGCACTAGATCTGAGAAATCAATAGACAGTTACAGAAAAAAGCCAGGGCACAGCATAGGTGAGGGTGACTATCCCTGCCAACTAGGCCTTCGCCCTTCATAGGTGGAGGACTCACTCACATCCATGGCATAGATGAAGTCTAAGGAACCCAAAGGTCAT	False	0.0250759999999999	0.0446049999999999	0.067485	0.0438659999999999	0.053921	0.036585	0.025518	0.021939	0.951014	0.062794	0.1036159999999999	0.0458259999999999	0.024431	0.0226499999999999	0.0505299999999999	0.079198	0.092431	0.032442	0.035505	0.017999	0.067704	0.908102	0.069889	0.08826	0.0265289999999999	0.031946
AATTACATCTTTTGAGCAGAGTTGAGTAGTTGATTTTGGAATTGTGCCATTTGTATATGCCACAGCAAAATCAATAACACATATAGCTTGGCCCTAAAAATAGACAGTGAAATATTGATTTGATTGCTGCCCTCAGGCATGTTGACAGACCTATTGGGTAACATTGAATCAATTTGGGCTGGACACGGTGGTTCCTGCCTGTACTCGCAGCACGTTGGGAGACCAAATCAATAGGATCACTTGAGGTCAGGAGTTTGAGAGCAGTGTGGCCAACATGGAGAAACCCTGTCTCTCTGATTGGTCCAAAGATTACAAAAATT	False	0.06272	0.1171249999999999	0.341761	0.038933	0.1125009999999999	0.038927	0.030567	0.0241879999999999	0.9254749999999998	0.0453609999999999	0.1027029999999999	0.02839	0.032626	0.017399	0.288484	0.0430799999999999	0.0567649999999999	0.099863	0.0646979999999999	0.020878	0.088891	0.942212	0.07105	0.064131	0.022264	0.03545
GCATGCCTGTAATACCAGCTACTTGGGAGGCTGAGGCAGGAGATTCGCTTGAACCTGGGAGGCGGAGGTTGCAGTGAGCTGAGATAACACCACTGCACTCCAGCCTGGGAGACATAGAGAGACTCCATCTCAAATAAATAAATAAATAAATGAATAGATCAATAAATTGCCTCAGGGCAAATTAGTGCCTCGGGTGCATCGATGGGGTTGTTCAGTTTTCTATATATAGACTTGGGAAAAATCAATAACTCATTGGTGTTTGGCAGGCTGCACTGGAGTGATATTGAGTATTGATTTTTCCTTGATCCCTAGACAATCTC	False	0.024427	0.0856729999999999	0.1080579999999999	0.060627	0.05558	0.04666	0.050455	0.078677	0.942678	0.0542119999999999	0.151103	0.05533	0.0869739999999999	0.0167	0.082856	0.0328179999999999	0.094257	0.031264	0.059379	0.031397	0.1082469999999999	0.9398880000000002	0.072189	0.092262	0.03151	0.047809
GTCCTTATGCTGGTGGGCCCCTCTTTTGATCTTTATAGCTTTGTCTGCCCTCAGGCAAGCAGGAAAAATCAATAGTCCAGCTTTGTTTGCCTGAGGGCATTGTTTTGGCTATCAGGAAATCAATATGCTTTTTCAATAGGAGCGTTTTGTCCATTTGCTTGTTTAAAACAATGTATTTTCAAATTATAGTAGCCATTTAAAAACTTTTTTGGGGTATAAGATGGATCAGTAAAATATGTAAAGTGTGCTAGTCATCTCAAGTATACAGCTTAATGAAAATTTATAGAAGTATACACTGTGGTAGCTACCACTCAGATCAA	False	0.0456839999999999	0.0614069999999999	0.1407079999999999	0.06806	0.073836	0.068784	0.0577999999999999	0.074275	0.847975	0.0750209999999999	0.175517	0.0876569999999999	0.071202	0.044646	0.065743	0.078586	0.121993	0.0525169999999999	0.059999	0.048597	0.146888	0.9511770000000002	0.101683	0.0991509999999999	0.064708	0.0427769999999999
AAAGAAAAAAAAGGATTTAATGAATGAATGATGAGACTGTTGGTTACATCTCCCACTTTCTCCCTCTCACTCCACTGCAGCCACACGGGGCTCCTCTATTGATTTGTAGCAGCAGGCATGTGCAAATCAATATTGATTTTACTGGCTGTTTCCACTGCCCGAGCACCCTCATGCACCCTCTGCACTGTCCAATACGGCCGAATTTGGTGGACCAATCAGACTGAGCAGTTGAACATGGCTGGTCCAAACCAAGATTTCCATGATGTCCTATGGTAAAAAATAACATAAAATGGACCAATCAGGTTTCTATTGATTATGTT	False	0.030944	0.046827	0.021285	0.032236	0.064588	0.020444	0.022515	0.009913	0.809798	0.0262649999999999	0.0824569999999999	0.021332	0.0431579999999999	0.0147799999999999	0.076903	0.026122	0.0312179999999999	0.031633	0.031849	0.008382	0.071079	0.876877	0.0527379999999999	0.060427	0.011754	0.0048649999999999
TTGCACTCCAGCCTGGGCAACAAGAGCAAAACTCTGTCTCAAAACAAAAACAAGAAAGCCCTTTCCATTGCTCCTTGTTGCTTCTTATCACAGTCCACACATTTGGACCAATCAGTTTTTTGTGAGATTGCCTGAGGGCATGTCACCAAATCAATAGTGCAGTAAATCAATATTGGCTCACTGCAAGCTCCTATTGATTTGTTGACCCCATTCGCCTGCGTCAGCCTCCTGCGAAGCTGGGACTGCAGGCATCTGCCACCACGCCTGGCTAATTTTTTTTTTTTGTATTTTTTAGTAGAGATGGGGTTTCACCGTGTTAG	False	0.0936569999999999	0.061007	0.064086	0.061217	0.066365	0.1004709999999999	0.0447299999999999	0.080365	0.977061	0.066436	0.1065609999999999	0.059451	0.029507	0.1081579999999999	0.1373349999999999	0.081663	0.428897	0.0717599999999999	0.0606909999999999	0.243581	0.1171159999999999	0.9663349999999998	0.078236	0.1060699999999999	0.037163	0.021399
CCTTCAGTCATAGAACTATTGATTTGTGTTCTCATGCCCTCAGGCACTATGCTTATTGATTTGTCCTGCCCGCCTCAAAGAGCGAGATCAATCTTTATTTATTGATTTCAGGGCAAGCCCTCTCTGGCCCCATCCACTCTCCGTTTAGTCTTTTCTTAAAGCTCAGGCTTGTTGCAGAACAAATTCACCAGCTTTCCTCTGTATAAGAAACCAACCTGGGAGACAACTGAGGACAGACTCCAGGCACCCAACAGCATTTTGGTGCAGCAGCACCTGCAGAAATGGTGGGCTCTCCCAATGGGACCCAACTTACGGAAGGC	False	0.035376	0.0598179999999999	0.0573669999999999	0.03532	0.0547879999999999	0.039728	0.039014	0.037284	0.915587	0.0512819999999999	0.130138	0.065642	0.03886	0.021043	0.110924	0.042221	0.0604749999999999	0.037888	0.066775	0.032713	0.1125959999999999	0.939514	0.0565549999999999	0.0959139999999999	0.035115	0.0264459999999999
GCCTCAGCCTCCCGATTAACTGGGACTACAGGTGCACGCCACTACACCTGACTAATTTTTGTATTTTTCTGTAGAGATGAGGTTTCACCATGTTGGCAAGGCTGGTCTTGAACTCTTGATCTTGGACCAATCAGCTGCCTGAACCTCCCAAAGTACTGTGATCACAGGAGTGAGCCACTGTGCCTGGCCTGCTTCATTTGGAGCAGTCAGCTATTGATTTTTTTGCTGGGAGTGAGAAAAATCAATAGGCCTCTCCCTGGCTGCTGGTGCTTTGCTGGCAATCTTTCTGATTGGTCCACTTATAGCAGCATCAGCCAGGT	False	0.0722409999999999	0.112348	0.035016	0.0158959999999999	0.0369629999999999	0.0405429999999999	0.015085	0.014798	0.7325730000000001	0.014779	0.142176	0.0425009999999999	0.0274209999999999	0.0109029999999999	0.165659	0.063389	0.033605	0.029551	0.0453649999999999	0.0161069999999999	0.089784	0.8703799999999999	0.06139	0.132291	0.0451159999999999	0.02283
TGAAAATCCAGCAGACTTTACAAGTGGGGGAACCAGTAGATTTAATGAATGATGAATCCATTGATCAATGTCTAGTAGATGGTACAAATTCATTTTAGCTTTCCCCCACCTTCAGAAACAAGCTGATGAGAGTTTCATTGGCTCATGAGCTTGCAAACACATATTGATTTGGGGCTGGAGCACTGAGATATTGATTTGCCTTAGAACCTTCCGGCAATTGTGTATTGACTTTTGCCCTCAGGCAGAAACGGAGAAGTGATACAGCCAGAGGGACACAGCTCCTATTCAGCCATCTTGGTGGTCCCTCCAAGATGGCTGAA	False	0.020503	0.101545	0.0509099999999999	0.019058	0.031431	0.0128849999999999	0.029164	0.013199	0.8116579999999999	0.0347999999999999	0.087143	0.022279	0.0103549999999999	0.0140239999999999	0.127508	0.018844	0.024158	0.023649	0.013407	0.003791	0.0521509999999999	0.7976099999999999	0.022976	0.069538	0.014001	0.004199
ACAGATGTTATTCCAATCTGAAAATGAATATTGATTTGCCCAGTTGGATATGCCTGAGGGCACAAATCAATAAAGGCATGAACAAGAGGAGGCAGGACTCAGTCTGCCTGAGGGCACAAAATCAATATCTGTGCTGCTTCACTTTCAGAATGGACTGGTGGCATTCCTGAGCAGGTTTTGGGTGGTCATATTGGACTCTGTGCATCAGAAAGGTCTTGGGAGAACAGTAAGATGGAATGGAAGAAGCAAACATACTGATTTGAATGGGACAACCCCTAAATTCATGTCCACTCAGAACCTCAGAATGTGATCTTATTTGG	False	0.016758	0.037656	0.11805	0.0519959999999999	0.078715	0.032388	0.046487	0.040628	0.926319	0.040506	0.098308	0.034087	0.03928	0.017005	0.041727	0.085982	0.0974879999999999	0.0480229999999999	0.0559	0.021964	0.088154	0.919695	0.0412909999999999	0.0632499999999999	0.026036	0.024973
AACTTTTTGGAAGCTTGGTTTATTTTTTAAAATTCTTTTTCTCTTTGTCTATGATGGATTGGGTTAATTAAACAGCCTTGCCTCCAAGCTCTAAGGTTGCCCTCAGGCATTGAAATCAATAATTGAAATCAATATTGCCTGAGGGCAGCATTATTGATTTTGTGTCCTTGATTTCCAGAACTGGTGATCGCTTTTTGTTTATGCTATTTATTTCACTGAAGACTTTTCCTTTCATATCCTGTATCGTGTTTTTGGTTTCTTTAAGTTGGATTTCACCTTTCTCTGGTACCTCCTGATTAGCTTAATAATTGACTTCTGAA	False	0.038438	0.051833	0.103315	0.062537	0.0587239999999999	0.027011	0.032348	0.043523	0.8773989999999999	0.0539019999999999	0.112452	0.057759	0.0486609999999999	0.0338129999999999	0.066428	0.0450879999999999	0.0561379999999999	0.0344539999999999	0.066214	0.0447809999999999	0.120185	0.927817	0.080975	0.071476	0.0334829999999999	0.039942
AAATAGGCCTTTAGTGGTATAGTCTGATTGGTCCAGGGGAGGTTGCCCTCAGGCAAATTAGGTATTGATTTTTTGATGAGCCTTTGTTGCTGGACTACAAACATAACTAGTGGATGCCAATTTGCCCTCAGGCACTTTAGGTGGAACATAATGTATTGATTTGGCTGGTGTTTTGTATTTTTCTCCCCCTAGGTAGGTTAGATTTTAGTAAAATCCCAGCAAGTTGGTAGCTCAGTCTTCTATGCTTACCAGAAACTGGAAGTCCTACTTAGGCTTTTATTATTTTTTGAGACAAGAGTTTCACTCTGTTTCCCAGGTTA	False	0.0457	0.08428	0.151399	0.084214	0.061919	0.045624	0.043263	0.0410539999999999	0.765406	0.05851	0.1595309999999999	0.075958	0.072781	0.047538	0.1105579999999999	0.067408	0.150197	0.03918	0.056762	0.032819	0.1157169999999999	0.7523319999999998	0.0757309999999999	0.104849	0.042007	0.0534469999999999
TTTCACCAATCATACCCCTTCCTGTTTCCCTTTTCTGCCTTAGGGCATGGCTGATTGGTCCATGAGATATTGATTTGGTTTCCAGGCTCATGGAGTTGAACCAGAAATCAATACACAAACTATTGATTTGCTCTCTCAGGGCTGATCATGACAGAAATCAATATATTTGAGCTCTGCTACATTTATGTTCCAAGTAGATTTACAATTTGTTCAGGTGGTTTTGTTTGAAAACAAAAGCAGCAGAGCAAAACTTACTCTGTTTCCATATCTGTCTTAAGATTTTTAAAAGTGCGCACTCGTGAAATTACTGACCTTCGCTA	False	0.03207	0.189375	0.044212	0.0308769999999999	0.0572509999999999	0.0295229999999999	0.031871	0.017151	0.8528779999999998	0.032866	0.142064	0.044542	0.037068	0.0330149999999999	0.117427	0.0594869999999999	0.059959	0.039041	0.045224	0.006397	0.064021	0.919309	0.0498599999999999	0.100723	0.0275489999999999	0.022451
CGTGCCTGGCCTTTTTTCTGATTGGTCCAGAGCTGTAGTCTCACTCTGTTGCCCAGGCTATTGATTTGTAGTGTGATTGCCTGAGGGCACAACTTTATTGATTTGTTTTATTGATTTGTTCCTGCCTCTGGCTCCACAGTAGCTGGGATTACAGTCACACGCCACCACATCTGGCTAATTTTTGTAGTTTAAGTAGAGACGGGGTTTCACCACGTTGGCCAGGCCGGTCTAAAACTCCTGACCTTAAGTGATCTACCTGCCTCGGCCTCCCAAAGTGCTGGGATGACAGGCTTGAGCCACATGCTTGGCCTGGGCTTCGG	False	0.08802	0.138026	0.171552	0.0626429999999999	0.0487349999999999	0.0798619999999999	0.074703	0.078856	0.89361	0.067497	0.1797949999999999	0.122452	0.0830969999999999	0.097159	0.275233	0.140777	0.095077	0.043385	0.235971	0.104327	0.286717	0.9744620000000002	0.137331	0.218879	0.085976	0.078073
TAGGAGACTGATGATCAGATGGGGAAATCAATAGGAAATCGATGAGGTGTTGAAATCAATAGTTTTGCCCTCAGGCAGCAATTCCCATAGAGGGCTCACAGCTGAGGTATTGATTTTGGCATCACTGTCAGCAGCTGGGAAAACAGGGCTTGATTCCTGAAAGGGAATCTGGGTAGTGTAGAGGCTACCATGCTAACATGTCTCTATAACTTATCATTAATGAAGGGTTGAGTGCTCCTTCTACACTACTATCAGTGGGTCCATGGTTTTCTAAAGCTCAGACTTGAAGGTAGAGATTCAATGTGGAGCATAATCATAAA	False	0.021654	0.04432	0.076011	0.0346439999999999	0.149495	0.0341529999999999	0.0426059999999999	0.036379	0.8248730000000001	0.042053	0.1049649999999999	0.0383579999999999	0.05025	0.013744	0.070579	0.044245	0.091264	0.1093929999999999	0.065166	0.028056	0.09881	0.933806	0.060603	0.085924	0.0265309999999999	0.036819
CATTTCCTACACTATTGATTTTGTCTCTTGTTTTCTCAGTCAGCTGCTCTTGTTATTGATTTGGGTTGGAAAATCAATATAATCCTGCAAAAGCACCAGTGCCAACTAGGGTGGCTGCAATGTACAAAACACCATTCTAGGCATTGTCAGGGAGATTGGGTGAACTTCATGTGGATTTTTCTTCTCAAGTTGTTCACTATCTGTGAGATGGACCAATCAGCAACTACAATACAAGACATAAAGTGATCAGGGCCTTAAGAATGACACAGATGAAAAAGCTGTGGGCCTGCGAAGAGAAGTGCTACCTGCCAGAGGAGGCA	False	0.028355	0.0446499999999999	0.0415529999999999	0.019167	0.0482219999999999	0.022669	0.020824	0.0181069999999999	0.7178989999999998	0.0310469999999999	0.105646	0.032172	0.0259979999999999	0.019417	0.078547	0.032587	0.0800579999999999	0.025417	0.024871	0.0288729999999999	0.033023	0.882204	0.035344	0.0749889999999999	0.020748	0.008652
CAATGGCCACTTTGGGATGTGGTCCTCCTGGAGGTAAGGAAGAGGGCACACTTCTACCAATGCTCTGCCTAGCCCTGGGGTCTCAGGGTCTGGAAGCCTCGTTAGGTTTGACAGGTTTTGGTGGAGCATGAGCCCCTGTGGGCCTCCTGGTGGGTGGTCTTGGTAGGCTGGTCTTCATTGTCAGGAAGGTGAGGTCATAATTGATCTGGTAACCAGCACTTGCCCTCAGGCACTATATATAGAATGGTATTGATTTGATGCCCTGCAGCTTTTCCTATTGATTTTCCAACTGGATGCTGAGGAAATCAATATGCCCGGTG	False	0.019014	0.03956	0.1144789999999999	0.071447	0.0500599999999999	0.036714	0.098708	0.030422	0.895078	0.048989	0.153902	0.0700269999999999	0.0408409999999999	0.01552	0.1234439999999999	0.034802	0.07975	0.039716	0.04531	0.0444409999999999	0.120385	0.920469	0.04487	0.076931	0.034755	0.031556
TCTTCTCTTTTGCTATGGTTCAGCATCACGGTGGCATATTGATTTTGTCCTTGCCCTCAGGCACTCATAGATAATTCCATTCAGTTGTATTGATTTTGATCGGAGAGAGGGTTGTGCCTGAGGGCATCATTCAACCAATCTTTATTGATCTTTTTTCTATATGCCAGGTGCAATTCTACATCCTGAAAATATGCTGTGAAGATACTCTCAAGTTGGCTTCTATTATACCTATAATCTTGGGGGGACACATATGGACCAATCAGATATAATGCTAAGGTTTCAGAATTTCAAACGCAGTGCTCCTAGGGGATATTTGGGAA	False	0.0274369999999999	0.043861	0.075441	0.0392859999999999	0.051104	0.0117699999999999	0.021893	0.0111809999999999	0.974878	0.0396609999999999	0.0914849999999999	0.024369	0.03057	0.020461	0.059514	0.0464269999999999	0.066838	0.041875	0.0288919999999999	0.0100049999999999	0.036156	0.95061	0.0304179999999999	0.062555	0.016758	0.0107009999999999
GCCCTGCGTAGTCCCCATGTGCTTGCATGTGGCCTGCAGCCACGACACTGCCAGCAAGATATTGATTTATTGATTTCAGCTGCCAGCAGGCGGGTGTGCTGCCACTACAATGTGAGTATTGATTTTCTGCAATGTCCCGAGCTGCTAGCAGGCGGCGTGCCACCACTATACTGCGAGCAAGTGAGCCCTGCCGTGCCCCGGCGCTAGCAGGGGGCGGTGGACACCACTGTATACAAGAGGGTCCTATTCAGCCATCTTGGGCCAGTAGGGCGCGCAATGGCAGATGGTGGGCTCCAAGCTGGTCCTGTAGTGCCCGGCTG	False	0.2270509999999999	0.1363609999999999	0.3581829999999999	0.26676	0.4147829999999999	0.3978689999999998	0.217885	0.3509029999999999	0.999373	0.352911	0.3365030000000001	0.2624599999999999	0.172342	0.2158909999999999	0.1795549999999999	0.3788500000000001	0.2287119999999999	0.294424	0.1802619999999999	0.137573	0.3324479999999999	0.986561	0.166387	0.3536179999999999	0.2296309999999999	0.192138
ACCCAAAGACAAATCATGGACCAATCAGTGTTGAATCCATTCCAGACTTTGTCTCTCTCTCTGGGTATACATTGAGGAGACAAAAACGGTATCATAACCTATAATCTTTTTTTCACTCAACAATATATTGTGAGTGACTTCTCATGTCAATTAATATTCTCTACAACATTATTCTTAATGACTCTATGGATGCCCTCAGGCAGGCATATCATGACTATTGATTTGTCCATGGTTCAATATTGATACTATTTTTAGTGTTTGCTATTCTGCCCTCAGGCAATGTTTCAATCAATAGCCTTATCGATTTAGAATGGAATTCC	False	0.033061	0.045266	0.032811	0.110324	0.05401	0.020634	0.029417	0.011738	0.8644360000000002	0.032489	0.0855529999999999	0.022865	0.0411079999999999	0.022171	0.063329	0.035965	0.11886	0.052618	0.028067	0.009052	0.0506179999999999	0.953602	0.0357559999999999	0.059468	0.021464	0.016539
GCCTTTGTCTTCAGCCTTGCAAAACCAAGAAGTCGTGAAAAGACCAATCCTCACCTGGATACCCACAGCCTGAATAGGGGCTACAGGCTAGGCGTCCCACAGAGCTGTTTCTTTACCTCATGTGAATGACAATGACAATGGGTCTGTGAAACCTGATGCTGCCGCTGCAGGCCAGGAGTTTATTGATTTTGCACATTCATGGGTGCCCTCAGGCAAAGCTGACCCTGCAGCCAAATCCCTATTGATTTTTCTCTATTGATTTGTCACAGGCATTGGTGGATGGTGAACATCATTGTAGTGGCTCTTACCAAGATGGCTGA	False	0.0223809999999999	0.074952	0.067956	0.033599	0.044146	0.033166	0.0296359999999999	0.046896	0.994102	0.039028	0.092439	0.035044	0.030687	0.0176799999999999	0.066424	0.031742	0.0708869999999999	0.0319749999999999	0.033895	0.0137609999999999	0.0521209999999999	0.903825	0.041979	0.086281	0.0217819999999999	0.014393
CTCAAGGAAATGCATCCAAGATGGCTGAATAGGATCAAGGAGAAGCAGGCAAGAGGGCCCACCAAGATGAGTTAGCATCCTGGAGGGTTCTTAGACTCAGGATTGGGGATCTCTAGGGAACCGATAGTAATGGTTCCTACTAGACTGGGCAAATAGAGCTTTGCCCTCAGGCACAGCTGAAATCAATAATGGTCAATATTGATCTATTCTCTTCCTGCCCTCAGGCACTTTTTTGAAACAATTGCTCAGAGGTCATTGCTTATATCCCAAACTACTTATTAGGACAATATCAGTTATACAAGGTTGCTGGATTCTCTTTG	False	0.025483	0.046848	0.116477	0.0303939999999999	0.056153	0.0270909999999999	0.03523	0.027659	0.9049639999999998	0.053867	0.118211	0.041346	0.041889	0.018192	0.074627	0.064203	0.0291759999999999	0.036175	0.027273	0.02506	0.0705659999999999	0.943904	0.034199	0.0914699999999999	0.027268	0.036534
ACAAAATCATTTCTTCCCTTTTTTGCTTTTCCTCAATAAAACAGTCTTATCTCTCTCTCTCTCTCTCTCATGGCAGCCAGGCTTCCCCTCCTGCTCTAGACAAATATTGATTTTTATTGATTAGGTTTTGCCTGAGGGTATAAATACCACATGCTATATAAATCAATAGAGTCTTTGCCTGAGGGCAAAGCCACATACTTTAGGTCTGATTATAGACAGGTTTCAAGGAGAGGAAACACTTCTTTCTGGTGAGCAAAACATTTACAGAAGTTTATCATAAGAATTGTCGCTATTAGACTCATGATGTTATTACAAGTATG	False	0.026706	0.1092199999999999	0.0821859999999999	0.088282	0.068066	0.0382949999999999	0.04083	0.056176	0.925993	0.066225	0.158244	0.053025	0.067623	0.034526	0.121322	0.0618819999999999	0.1547889999999999	0.036869	0.041468	0.034521	0.127653	0.940331	0.080586	0.077972	0.047797	0.045418
CCTCACTTATGGAGAAAGTTGGACCAATCAGGATGTTTGGCACAACTTATAACAATGAAAAATTGGCCAGATGCAGTGGCTTACACCTGTAATCCTAGCACTTTGGGAGGCCGAGGCAAGCAGATCACCTGAGGTCAGGAGTTCCAGACCAGCCTGGCCAACATGGTGAAACCTCATCTTCACTAGAAATACAAAACTTAGCTGGGCTTAGTGGTGCACGACTGTAGTTCCAGCCACTCTATTGATTTAGGTGCCCTCAGGCATTGAGCCTGAAATCAATAGGTTGTATTGATCTGGGATCACACTGCCCTCAGGCATCC	False	0.0151289999999999	0.0425899999999999	0.0491219999999999	0.024474	0.033264	0.043774	0.0268879999999999	0.0151839999999999	0.871524	0.038779	0.113272	0.039	0.022045	0.0108209999999999	0.0562089999999999	0.036656	0.0460989999999999	0.01145	0.036185	0.0164859999999999	0.057147	0.6821730000000001	0.0523449999999999	0.095217	0.0161909999999999	0.0066439999999999
ACAGTCATGTAAGTTCACAAAGAGATGGTCCAAAATTAGAACACAAATCAATAAGGGTAGCAGAGCATCAATGCCTGAGGGCCTTACAGTATTGATTTGTGGTAGAAAAGAAAAATCCATTTTCTGGGGAGAATGCCCTCAGGCAATGAATTTGCACAAGTAAAGAGGAGCCAAATGATAACAGATGTAACAATGGAAAAATGTCTCTAGGGCACGTCAGAGAACTGGGCACCAGCCCCTCTTGTAACAGGCCCAGAGGTCTAGGAGGGCTGATTGGTCCACCTGGGCCAGGCCCAGGGCCCTCTGCTCTGTACAGCCTC	False	0.027292	0.071855	0.123188	0.146744	0.152637	0.0331519999999999	0.040456	0.0416279999999999	0.722383	0.0486999999999999	0.1528209999999999	0.065242	0.0357829999999999	0.022482	0.07156	0.085859	0.2374009999999999	0.0758969999999999	0.081729	0.020439	0.107928	0.906076	0.081759	0.112128	0.024612	0.027237
AGAGAGAATGAGAGAAATCAATAAGCAGAAAAAATCAATAAAACCATCAGATTGCCCCCAGGCAAATGACTGCCATGAGAACAGAAAAATCAATAGAAAACCATCGACAGCCTGGCTGCATCTCCCACTGGGTCCCTCCCACAATACATGGGAATTATGGGAACTACAATTCAAGGTGAGATTTGGGTGGGGACACAGGCAAACCATATCAAGACCCAAGGCTGTATGTTCAGAGCGAGGTGTGCCAAGCCCTGGGAGACCCACAGCTACCCATCATCGAGGTGCTTCAATGCATGGGTTCAGAGCCTCCTGTCTCCACC	True	0.015522	0.043685	0.050948	0.0272539999999999	0.0371899999999999	0.023535	0.02162	0.012472	0.955557	0.026517	0.096994	0.0217369999999999	0.01893	0.010244	0.04599	0.0286629999999999	0.059587	0.0243479999999999	0.035559	0.0063999999999999	0.047178	0.966244	0.03516	0.0571029999999999	0.018833	0.009902
GGGAGGCTGAGGCAGGAGGATCTCGTGAGGCCCGGAGTTCGAGACCAGCCTGGGCAACATAGTGAGACCCTGTCTCTCTCTGTCTCTCTCTTTTTTTTTTTTTAGAGAGATGTTTGGAATATTCCACAAATCAATAGTCCACTGCTGAACAAATCAATACAAGACACTGCCTGAGGGCACTTGTGATGGTTATTGGTGTTTGTGCAAACTCCAGCGCAGAAAATCAATATGGACAAAGAGACTGCCCTCAGGCATTTTAACTGTATTGATCAGACATTTGAGGAGAGACAAGTCATTGTCTCCAGCATCAAAGGAATGAA	False	0.025327	0.048569	0.100765	0.0905999999999999	0.045034	0.032329	0.0496829999999999	0.064073	0.8337459999999999	0.074724	0.125709	0.069605	0.050174	0.026752	0.0516229999999999	0.060779	0.1747339999999999	0.0400749999999999	0.064721	0.028731	0.09353	0.965702	0.0803239999999999	0.10414	0.0383379999999999	0.035337
GCACGATCTCGGCTCATATTGATTTCTGGACCAATCAGTCAAGTGATCATCCTGCCTCAGCCTCCTGAGTAGCTGGGATAACAGGCGCCTGCCATGGACCAATCAGAATTTTTGTATTTTCAGTGGACCAATCAGTTTACCATGTTGGTCAGGCTGGTCTCAAACTCCTGACCTCGTGATCTCCCTACCTCAGCCTCCCAAGGTGCTAGGATTACTGATTGGTCCATGGCCTCAGCTTCATTTTTATCAAAGCCAATGCCAGGCCATGCGCATTGGCTCACACCTGTAATTTCAGCACTTTGGGAGGCTGAGGCGGGTGG	False	0.014843	0.1097349999999999	0.002978	0.004083	0.014942	0.0018759999999999	0.0065409999999999	0.000611	0.00692	0.014535	0.10046	0.012159	0.003465	0.0103709999999999	0.306004	0.003441	0.0139809999999999	0.009164	0.0069469999999999	0.000356	0.010858	0.025523	0.01546	0.090411	0.012526	0.000136
ATTAGAAAAACTATATTAACCAAGATGGGTGAATAGGAACTATAATGTGAACTTATTCCTTATTGCCTGAGGGCAGGATTTGATTGTAATGCCTGAGGGCAATCATAGATATTGATTTGTAATCAATACTAAATGATGAACATGCCTGAGGGCACCCTGTAATTAAGGGAACTGCTTAGTTCCTATCATTTTCACAACCATATTCTCAGATGAGTCTATCATCTAAAAATATGCATGAAGAAATAAAAATACAAGCCTTCTCTTGATCTCATTTTATTTGTTTGCTTAGTTATTTACTTATTTTTGGTAAGACAACATAC	False	0.021687	0.036549	0.1200529999999999	0.082434	0.0679309999999999	0.02212	0.034199	0.058455	0.906918	0.0550329999999999	0.1049789999999999	0.048632	0.030141	0.018799	0.0603349999999999	0.070288	0.15236	0.05164	0.0424149999999999	0.0282299999999999	0.09738	0.959716	0.0530339999999999	0.0562289999999999	0.028784	0.044675
GGGGAGAGGGTGGCCTATGAAGTCAGTGTCCTAATTAGCTTGGCCAGCTATGGAGGCAAATCAATATCTGCTCTATAAATCAATATTGATTTTTGTGGCTTTGGCTTGGGCCACTTCGCCACGCCCCTGACCCATGGGGTAGACAGCCCCTACCTGGCCACCTACGTGGACTGGCAATTCCTTTTTGAGTCCCAGGCCGCCAAGACAATAAGCGATGCCTCTTGTATATTTGAACAGAACCAGGGCCTCCAAGATGGCTGAATAGGATCAGATCTCTACTCCCACTACTTTGGGGGCCTTGCGGAAACGGTGCTGGTCAT	False	0.044104	0.101238	0.070074	0.0361759999999999	0.099725	0.057734	0.064728	0.038034	0.8799469999999999	0.062061	0.182003	0.0741189999999999	0.0329	0.04638	0.1635319999999999	0.065413	0.022912	0.071111	0.026556	0.0397	0.120471	0.8600530000000001	0.071291	0.1294789999999999	0.0609559999999999	0.030665
CTAGGAGTTTGAGACAAGCTGATTGGTCCAAGCAAGACCCCATCTCTACAAAAATAAAAATTTTACAAAGGGCTGGGGCATTTGAGCTGGGTCCCAACAGTAGACAAGTAGAAAAGGCATGGAGAGGGCAAACCATGTGGGAGGAGCTGTGTGCAAAGTGCCCTCAGGCAAAAAGCATTATTGATCTCAGCTTCTGACAAGCATATTGATTTGATCGGCATGCAGGGAAAGAGGGAAGGAGGGCAGAGGAAATCAATAGAGCACCCGTGAGTGTCATTGAATGACCAGCATGGGAACCTGGTCTCTTTCCTGAGGGCCCT	False	0.043373	0.0508659999999999	0.084039	0.047413	0.081185	0.0400939999999999	0.052514	0.03274	0.968397	0.039996	0.142549	0.045847	0.0424239999999999	0.02785	0.084245	0.1130229999999999	0.09202	0.047986	0.0235589999999999	0.016423	0.085224	0.9576209999999996	0.043799	0.087228	0.017272	0.024429
AACAATCCCTCCCCATTTCCCTGACTGCTCAGCTACTGGCAACCATCAATCTGCATGTGACTCTGTGAAATCAATAGATGTTATTGATTTCTGTAAATGACATTGCTTTGGGTGCCCTCGGGCATTTTGTAGCATTGATCAGAATTTCATCTGATTGGTCCACTGAGTATGGACCCACTGTAGGTACTTACCACTTTTGCTTATCTATTCATCCCTTGATGGATATTTGGATTTTGTCCACCTTTTGGCGATTGTGAATAACGTTGCTATGAACATTTGTGTACAGGTGTTTGCTTAAGTATGTGCTTTTGATTCTTTTG	False	0.023116	0.0430609999999999	0.035476	0.030694	0.0546329999999999	0.052833	0.030503	0.020869	0.962448	0.0290089999999999	0.090402	0.0445109999999999	0.0221619999999999	0.01757	0.070138	0.045952	0.045191	0.034399	0.0504479999999999	0.010907	0.076643	0.8884899999999999	0.035355	0.07714	0.0203559999999999	0.008471
AGATGGGTTATAGGAAGATTCTTCTCTGACAACTTCTGATTGGTCCATTAACTTTTCTGATGGTTTCTGAAGTATGTGCCCTTTATGCCCAGGCCACATGCCCTCAGCCCAGCATGGATTTTAGTAGCAGCTCTATTGATTTTTTTCCATGCACAAATAAATCAATATCACAGTCTCCCTGTGTGCCTGAGTATTGATCTGCTTCTCCTGAGGCAAGGGGACATCAGTCAATCCCGTTTAGGAGAGCCAAGAATCATTGCTGGAGGCAAACCTCAGAGGGAGATACATATCCATAAAGAAATGTCCCAGACTCTCATCCT	False	0.032396	0.038348	0.0304119999999999	0.037035	0.0342	0.0135789999999999	0.022781	0.0132479999999999	0.911391	0.0281069999999999	0.0921829999999999	0.022254	0.029972	0.023946	0.0822529999999999	0.023559	0.036719	0.025168	0.014888	0.00806	0.036266	0.919058	0.045533	0.06212	0.014797	0.025913
ATATAATCCATTTCCTTTATTTTCTCCTTCTTATTTATAAACATATCCTAGGGCAGAGCTGTGCAACAGAACTTTCTTCGGTGATGGAAATGATCTAAAGTTGGCTAATATAGTAGCCACTGGCAACATGTGTGGACCAATCAGGTTGAAATGTGGCTAGCGTGAGGAAAGCACTGCATTTTATTGATTTTTTAATTTGCCCTCAGGCATTTGACTCATGGCTGCTGTATTGGACAGTGCAGCCCTTATTGATTTCTTAATTTTCTCAGTGAGGATTGGCTTGAGAAAAACACCACCAACGAGCCCTTGGGCCCACCAAG	False	0.04559	0.059603	0.071087	0.1048849999999999	0.044211	0.029055	0.034325	0.025718	0.524143	0.037832	0.116417	0.037537	0.054847	0.036636	0.1069419999999999	0.0492199999999999	0.176005	0.031362	0.031281	0.01763	0.068352	0.702406	0.0490119999999999	0.094566	0.01855	0.030342
TGTTTGTATTTTCAGTAGAGACAGTGCCCTCAGGCATTGGCAAAATCAATATTGAACTCCTGATCTCATGCCTGAGGGCAACATCAGTATTGATTTGTGTGATATTGATTTCATGAGCCGCTACACCCAGCCAGGTCCATTAATTTGTAGTCTCTTGCTGGAGTCGCTTCCTCTGGGACATCTTTATTCTTTTCATCACAGCCACTTTCTTCATTTACATGGATAACTTTGCCTTCTTGGAGTTCTTCTGGCTGCATATCTGGAGTCTTTACAATGGCAGTAGTGTCAACATTCCTGAGGTCAACTATTTCTTCTCTAAT	False	0.0259009999999999	0.037911	0.1413319999999999	0.072752	0.041378	0.023226	0.0280699999999999	0.0270259999999999	0.951498	0.038651	0.1000629999999999	0.032861	0.058008	0.0255489999999999	0.050521	0.072289	0.101158	0.026265	0.033419	0.016124	0.082848	0.9884439999999998	0.0347539999999999	0.061923	0.028884	0.030293
TCTAAAAGTATTAGGGCTGCAGCAGCCACTGCAGGGAGACATGATTGCCAACAAATCAATATATGCCTGAGGGCATTGGACAAACAGGCAAATCAATACAATAAATCAATATGTGTACAGCCCTGCCCTTTGGCTGTGTGTATTGAAAAGGGTTGGGATGAGTCAGGGAGAGCTAGAGTGGGGGCTGTCTCTAAAGCTGTCTTCAAGGAATGGAAAGAGGAGTGGGGAAAGGATTTAGGATCTATGCTGATTGGTCCATTTCCTTTTGTGAGTTTATATAATGGTTTTGTTAGGATGGCAAAGCCAGGTATCCAAAGGTG	False	0.030141	0.073253	0.048383	0.041315	0.0536419999999999	0.033931	0.040003	0.03857	0.947315	0.027248	0.1351939999999999	0.0566349999999999	0.031297	0.025607	0.15091	0.036037	0.1239239999999999	0.063476	0.036438	0.034009	0.1180749999999999	0.993197	0.037891	0.098077	0.0231309999999999	0.021422
GGTCTTAGCAAATGCCTGGGGGCAAGATTCTATTGATTTCCTGAAATCAATAGAAATCAATACACAGCACGCTGAGATCCAACTGTAAGGCTGCAGGGAAAATCAATAAGTGGCATCTCCCATTGCTGAGGCTTCAACAGATAAACAAAGCAGCTGGGAAGCTCCAACTGGGTGGAGCCCACCCCAGCTCAAGGAGGCCTGCCTGCCTCTGTAGACTCCACCTCTGGGGGCAGGGCATAGCTGAACAAAAGGTAGCAGAAACTTCTGCAGACTTAAACTTCCCTGTCTGACAGCTTTGAAGAGAGTAGTGGTTCTCCCAG	False	0.030341	0.072599	0.053764	0.0128099999999999	0.0467929999999999	0.0255339999999999	0.036894	0.025239	0.816797	0.0432749999999999	0.139254	0.075419	0.016666	0.0241689999999999	0.0844229999999999	0.039083	0.044016	0.031024	0.038046	0.025299	0.07836	0.925714	0.027167	0.103767	0.032105	0.0037199999999999
AGGCTGCGGTGGGAGGGAATCACCAGAGCCTGGGAGGTTGACCCTGCATTGAGCTGTGGCTGTGCCACTGCACTATTGATTTGTCTGTATATTGATCCTATCCAAAACATGCCCTCAGGCAAAAAAAATCAATAAAAAAATCAATAAAACCAGAGAATGAAGTGCTAGAAAGTAAAGACATGGACGTCCTTAGACAAAGTTAGCAGTTTACCATATTCCTGATAAAGTGACATTTTATTTTATACATGGATAGGATAAGAAAGCTCCAGTCTACAAACAAAACATGCCAGAAGATTTTTAGGCGATGATGCCACCTGCAC	False	0.0288229999999999	0.060687	0.0756999999999999	0.078789	0.066528	0.047606	0.049112	0.056733	0.956432	0.0736609999999999	0.152631	0.070116	0.069447	0.042347	0.0686379999999999	0.04889	0.11023	0.035574	0.063523	0.033696	0.1266969999999999	0.961861	0.081076	0.103364	0.0551919999999999	0.047623
CCCATTCTGTAGCTTGCCTGTTCACCCTGACGATATGTTCTTTTGCTGTGCAGAAGCTTTATAGCTTATTTAGATTTGTGCCCTCAGGCACAGCTTTTTGCCTGGGGGCATTTGTATTGATTTGTATTGATTTTTTGCCCATGCCTATGTCCTGTATGGTTTAGCCGAGGTTTTCTTCTAGGGTTTTTATAGTTTTAGGTTTTACATTTAAGTCTTTAATCCATTTTGAGTTAATTTTTGTATAAGGTATAAGAAAGGGGTCCAATTTCTGTATTCTGCTTATGGCTAGCCAGTTTTCCCAGCACCATTTATTAAATAGG	False	0.045709	0.071253	0.158359	0.08454	0.0873649999999999	0.074154	0.0544329999999999	0.0574519999999999	0.8893509999999999	0.0687899999999999	0.150365	0.0849669999999999	0.067847	0.0409969999999999	0.098052	0.1631139999999999	0.144864	0.0618349999999999	0.081304	0.057791	0.138153	0.8816669999999999	0.091186	0.1158629999999999	0.0653219999999999	0.0626619999999999
GCTGATCTCGAACTCCTGAGCTCAAGCGATCTGCCTGCCTCAGCCTCCCATAGTGTTAGGATTACAGGCGTGAGCCACCACTCCCAGCCTCTCAATTCTTTCTTACCCCTTCGCAATATATATATATATATTTTAGTGAGCCAATGCTTTATGTGCCCCCAGGCACAATAGTTTCTGCCTGGGGGCATTCATTGATTATTTTATGCCTGAGGGCATACCTATTGATTGATAGTCTGAAAATCAATACTCAGCTTGTCAAAAATCAATAGCAATCAGAGGCTGTGGAACTTTCTAGCCAATACAAAATTCAACACTTAAGC	False	0.040673	0.0603769999999999	0.117755	0.061904	0.059939	0.0354079999999999	0.052917	0.064747	0.889524	0.067042	0.167224	0.087874	0.0453119999999999	0.02379	0.078436	0.0498149999999999	0.085309	0.046444	0.0710949999999999	0.038731	0.1300349999999999	0.982872	0.0836349999999999	0.1245489999999999	0.04486	0.0381699999999999
TCAAGCAATCTGCCCACCTCAGCCTCCAAAAGTACTCAGATTCCAGGCAGGAGCACCGTGCCTGGCCTCACATGGGGAAAAATCAATACGGTAACTGTGCAGGAAATCAATAGGACACTCATGCCCTCAGGCAATCTCCCAGCACATGGCTGACACTGCATCTAGGGCAAATCAATAGATTGACTTAACTTTCACTGGTTGTCTTAAGCACTTGTGTACCATTAGAATTTTTTTTTGTTTTTTATTTTTTTCACTATGAGTATGTATTTGGACCAATCAGAAACAATTTGATCAGAAAAATAGATCAGTTGATTATTTTA	False	0.025876	0.0537799999999999	0.183161	0.080233	0.063077	0.0295169999999999	0.029002	0.03103	0.982057	0.084088	0.146182	0.051029	0.062	0.0253149999999999	0.073754	0.088459	0.1974739999999999	0.040139	0.0494809999999999	0.026399	0.09717	0.924595	0.070479	0.09266	0.0248959999999999	0.025457
ACATGCTGAGACATACTTTCTCTTCCCACTTGTAATTCACTGTCCCTTATAATGTTTCCCCATTCAAATGATGCTGGCAGCCTTTGATGTGAACTACAGGGTATTGATTTGTAAAATCAATACTCCCCTCCGGAGGTCTGAAAATAGCCCTGCCATCCATGCCACAGCAAAAATCAATACCCTTGCCCTCAGGCATGGCTGCCATGACATCTCACCAAAAAAATCAATATTATCTTCCACCACCTGTTAGTTTAACACTCTCAAGAGTCAATGATAGCCTGATCTGTGTGGGTAAGAGTAGGCAAAGAAAAATTACAACC	False	0.035178	0.094188	0.088574	0.0774139999999999	0.109076	0.05798	0.0429159999999999	0.053628	0.939314	0.097741	0.132743	0.0753519999999999	0.068717	0.034451	0.062207	0.1083589999999999	0.172488	0.058043	0.066674	0.032928	0.1407439999999999	0.969805	0.092158	0.092822	0.0539289999999999	0.0601989999999999
ATATTGCATGATTCCAGCTATCATGTCTGATGACCACACAAAATCGATAGAATCTGCAACACCAAGTATGAGCCCTAATATTGATTTGGGATATTGATTTGCCCTCAGGCAGCCTGAGGGCTGGTTCATTGGTGGTTATTGATTTGCCCCGCTGGTGAGGGATGCTGATAGTGGGAAAAGCTGTGTGTGTGCAGGGGCAGGGGGCATTTAGGAATTCTCTGTCCATTCCTCTCAGTTTTGCTGTATACCTAAAGGTGTTCTAAAAAGTAAAGTCTATTTTCTAAAAAAGTATGAAGAGACCAGGACATCAATCTCAAGCC	False	0.030092	0.055531	0.0933379999999999	0.055474	0.075752	0.041356	0.0494309999999999	0.073541	0.986275	0.063422	0.131959	0.0632159999999999	0.057859	0.0179039999999999	0.0593599999999999	0.0531569999999999	0.1094779999999999	0.0525349999999999	0.069984	0.0447239999999999	0.1145539999999999	0.9443700000000002	0.05345	0.080061	0.035925	0.032304
CTCAGCTCATGTATGTTGCACTCTTCCTATTCAGCCATCTTGGTTGTTGTTGTTGTTTGTTTTGTTTTGTTTTGTTTTAATTTTCTGTAAGACTTCTCTGAAGTTCATTTATTTTTAAATGTTTGAGCTGGTTCAAAGCTTGCTAAAGAACATTCTGCTCATACAAAGGTGCCACACTTAACAAATCAATAACTCTGCTCAGTGCCATGTACATGCCCTCAGGCAAAGAAATCAATGACAAGAACATCGATATTCTATTGATCTTGCCCTCAGGCATGTAAACATATATTGTCCCTGTTAAGTGCAATGAACAATATTCA	False	0.029715	0.0405989999999999	0.097722	0.0367999999999999	0.0558669999999999	0.023941	0.029825	0.04201	0.93605	0.045896	0.116271	0.0579259999999999	0.052136	0.022477	0.050039	0.035634	0.050984	0.035799	0.0499649999999999	0.0181339999999999	0.086372	0.952975	0.0539379999999999	0.073467	0.036501	0.026243
GGGCAGCATAGCAAAATCCTATCTCTAAAACAAATACAAAAATTAGGCGGGCATGGTGGCACTCGCCTGTGGTCCCAGCTACTTGGGAAGCTGAGATGGGAGCACCACCTGAGCCCAGGAAGGTCCAGGCTGCAGTGAATCATGACTGCACCACTGCACTCCAGCCTGGGCAACAGAGTGAGATCCTGTCTCAAAAACAAACAAATCAACCAACAAACACAGCCCCAAACCCATGATTTTGGATCAATCAGTGATCCAGTGAAATCTATATTGCCTGAGGGCACCCTCAGGCAAGTATTGAATTGATATTGATTTCTTTT	False	0.032836	0.0447069999999999	0.053179	0.056302	0.0397889999999999	0.033686	0.040171	0.0444489999999999	0.8288150000000001	0.057256	0.126358	0.058299	0.044334	0.015613	0.0485239999999999	0.0495629999999999	0.0805019999999999	0.0234339999999999	0.05705	0.035244	0.109552	0.655693	0.0770189999999999	0.100951	0.036377	0.0230509999999999
GAAACATTCAGCCCATTCTATATATAGTATTGATTTGTCCTTGCACTATTGATTTCTCTGAACATGGCTGTAGTAAACGTATGTTCAGAAGACAGCCAGTGTGTTTTGCTCCTCTGATTTGACTTATAATGGACCAATCAGAACAAGTTATTTCTAATTTCTTGGGGACAGGAAGAAGGTGCATTTGGACACCAAGATGGCTTAATAGGAAGAGTTCACAGGACTCAACTATCCCAGGCTACCCAAATGATGGCTGCCAAACTGGATTACAACCCAGGTTTTAATCTAAACTATATCAAACTAAAAAGGAGTAAATGTCT	False	0.026614	0.063608	0.0499009999999999	0.014965	0.0621829999999999	0.029959	0.026908	0.023632	0.5051239999999999	0.0334579999999999	0.157602	0.0451209999999999	0.1373039999999999	0.020081	0.1140209999999999	0.03329	0.015496	0.0460379999999999	0.026192	0.020184	0.0411869999999999	0.5112369999999999	0.0319399999999999	0.098683	0.0246629999999999	0.035949
GAACTTTCTCAATGGACACGTATTGATCGTGGATGCCTGAGGGCAGAAATCAATAAATGTCAATCAATAGCCCTCAGGCAGATCAATGCCCTCAGGCAGAAGGCACTGCTGATAATCTGGGCACTCAGTTGCAATAGAATCAATCTTTCTTTATAGAATTTTAGATGACTTTCAAGGCCATTTCCTTTTCTGACTTTCCTTGACATACTACTTTTTTTGATATACATCTTACAAACTGTCTAATCTGTACTAATTTTATACATAGGTGATTTCAGAGTTTTAAAAGAGAACCCACCAAGATGGCTGAATAGGAATTTTGG	False	0.02541	0.054457	0.084842	0.028508	0.0482519999999999	0.024945	0.030639	0.027977	0.96666	0.051005	0.128175	0.0432629999999999	0.024794	0.0237829999999999	0.088369	0.069712	0.046186	0.028424	0.033912	0.020406	0.1537519999999999	0.95807	0.046083	0.077155	0.046847	0.032252
TTAAGTTCTGAAGAATTCAGGCTAAGGGAGAAGGTGGAGGAATGGAAGGTGGAAGCTTACCCATAGTGAAGGAGGCAAGCCCAGAGAAAAGAGTAGAGACACGGAGAAGGGGTGGGGGGTTCATGCCCTCCAGAAAAGCAGAGCAGGGGTTGCTGATTGGTCCAAATTGATTGGGGCACAGAGAAAAAATCAATAGGAGCTGAAATAAGCTATTGATTTGTTCTTGCCCTGTAGTGCCTGAGGGCATGCTGCTAAGGGTGAAGCAGAAGAAATCAATAGGAACTTGCTCCTGCCCCAGAAAAGCAGAGAAGGGGTAGAGA	False	0.036487	0.072693	0.049934	0.0345339999999999	0.0382289999999999	0.015293	0.0271649999999999	0.0197809999999999	0.4974	0.03897	0.127722	0.025381	0.028145	0.0230659999999999	0.14329	0.019243	0.050724	0.020997	0.019091	0.012549	0.072465	0.949007	0.053614	0.1044929999999999	0.015157	0.013815
AATCGCAGGCACTCGGCAGGCTGAGGCAGGAGAATCAGGCAGGGAGGTTGAAGTGAGGTGAGATGGCAGCAGTACAGTCCAGCTTCAGAGGGAGACCGTGGAAAGAAATCAATAGAGAGGGAGAGGCAGAGGGAGAGGGAGAGGGAGCGAGAGCTAATTAGGGATATTGATTTGGAGAGGAAATCAATAAAATCAATAGAGTGGGAGAGGGAGAGGGAGAGGGAGAGGGAGAGGGAGAGGGAGAGGGAGAGGGAGAGGGAGAGGGAGAGGGAGAGGGAGAGGGAGAGGGAGAGGGAGGAGAGGGAGAGGGAGAGGGAGGA	False	0.036548	0.073453	0.0378649999999999	0.027022	0.0534439999999999	0.097523	0.059106	0.104837	0.949438	0.070601	0.080825	0.0315439999999999	0.0444219999999999	0.027847	0.1294819999999999	0.055699	0.0492479999999999	0.053932	0.059314	0.048495	0.12827	0.9325509999999998	0.096888	0.129736	0.051026	0.0571539999999999
ACAGTTTACAAGTGCCATGGCAACTCCAAGAAGTTACTTTATATGCTTTTAAAAGGGGAGGAACCCTCAGTTCTGGGAACTACACACTCTTTGGTGGGCCCCTCACAAATAGCCCATCCCTTATTTGACATTATTGATTTGAATCGCCATAAACACAGCTAGCCAGCAATCCACGAGGGCTGTTGCCACTACTCTGCCCTCAGGCAAGCCATTATTGATTTCTCTGTTCTATTGATTTATTTGCTTTGCTTTGGGCCATCTGCTTGCTCTTGAATTCTCTCCAGCACAAAGCCAATAACCCTCTTGAGCTGAGCTCTAAT	False	0.071541	0.0864389999999999	0.12129	0.100563	0.108054	0.210053	0.128192	0.243882	0.994157	0.0673429999999999	0.217974	0.2327909999999999	0.069764	0.072211	0.1021989999999999	0.15646	0.126241	0.086674	0.2683440000000001	0.217085	0.296014	0.940087	0.106236	0.1331759999999999	0.115383	0.0421389999999999
CTTCCTTCCCGAGCAGCCTTAGAACCTTTCAGTAGGCTCCAGGAAGCCTCTACAGACCACCTGAAGCTGACAGCTAAGATGCAACTTTATTGCCTTCTCGATTTGAGTGGTCTCAGTCAACACACATTTCCTGGCTAGTTTGTTTTACCACAGGGATGCCCTCAGGCACTATTGATTTGGATAGAGGACACCAAATCAATAAGCAAACAAAATCAATAGCTTTGAAATGGGGAGAAAAAAAAGTTGCTGGGTGTCCTTGGACCAATCAGTTTCAGGAATATCTCCGCATTTCCTAGTCTTTGAGATATTTTATAACTCTG	False	0.038347	0.062273	0.0558869999999999	0.0360809999999999	0.055032	0.0305409999999999	0.033767	0.032552	0.8666520000000001	0.046935	0.130693	0.053604	0.0708679999999999	0.033421	0.0985549999999999	0.04971	0.053111	0.031667	0.034414	0.023693	0.086188	0.8591910000000003	0.0578239999999999	0.103233	0.033412	0.037048
CAGATGTGGAAATGGTTTTTTGATCTTCCAGTGTGTGGAATCGGTATTGATTTTCAAAGCCAGTCAGCTGCAAGCTATTGATTGACAGGACAACAATTTGATTTGCTGTTGCCTGAGGGCAGAAGCCATGGGGTTCTGAGATAAAAGCTGAGGTCTTAGAGCACCAAGATGGCTGAATAGGATCACCAGTCCAGAGTAAATGAAAACCGGATTCCTTAGAAATAATATTGTGTCTCTCTATTTCTACCCCCACCCTCCAAGCATGGTGTTCTGATTGGTCCAAATTTTTCCCTTACACTATAAAAACTCTCACCTATGTA	False	0.0309209999999999	0.069873	0.1041189999999999	0.04533	0.079591	0.0455309999999999	0.0388719999999999	0.036122	0.868643	0.026291	0.1782679999999999	0.052226	0.019555	0.018711	0.113099	0.056511	0.026095	0.056879	0.029052	0.033489	0.127616	0.84313	0.0304249999999999	0.0975819999999999	0.034817	0.025139
CAACATACAATGGCTCCATTTCCAAGATGGCTGAATAGGAGGTCTTCAACTTTTCGAGTTTGGGTGGCAGATAAGAGCATAGTGTGTCTGCATGTTGGCAAAAGTTTAATAATTTGCTTTAATTCCTCTTCAAAGCCAACATCCAAGCTTCTATCAGCTTCATCAATAACCAATATTGATTTGTTTTTTGCCTGAGGGCATGGTGAACTCTGCATATAGTGAAGCGGAAAATCAATAGTGGCCACAAAAATCAATATCCCATTGGCAAGTTTCTGTGCTTCAGCAGATGTGTTATCGCCACCCATTATCAACCCATAGGT	False	0.0222549999999999	0.044591	0.04741	0.009875	0.039567	0.0175369999999999	0.02582	0.012773	0.944215	0.0387449999999999	0.104151	0.030747	0.0332129999999999	0.0201469999999999	0.068984	0.047954	0.0124419999999999	0.033027	0.029133	0.0102309999999999	0.048204	0.9577509999999998	0.0385999999999999	0.0691329999999999	0.0204789999999999	0.013843
CCTTTATTACATGGGTGGAGACTGAATGGATGAGGAGTTATTTGCCCTTCCGGCCCTTGATTTTAAATCAATAGAACTCTGACTCCTCGCCCTCTTGCCCTCAGGCATCTGCTTGGCCACAAAAAATCAATAGGACTGCAAATCAATAGATGCGATGCACGCAGGAAGCTTGCCCTGTTGGAACTGCTTCCCCAGAAGACTGATTGTGGCATTCTTTTTCCTTTCATCATACTTCTTCTGAATGTTTTAGATCATTTTTTGGTTAAAATCTCTTCCTCCTCAGGAATCAGGTTGGTCCTATTCAGCCATCTTGGGAGCAG	False	0.0412349999999999	0.06036	0.075943	0.058726	0.064701	0.034753	0.040778	0.031673	0.8566180000000001	0.0617609999999999	0.111958	0.055159	0.028545	0.0322419999999999	0.071868	0.05011	0.064964	0.039925	0.038159	0.016182	0.0881299999999999	0.8207840000000001	0.067013	0.096163	0.0331109999999999	0.0195499999999999
CCACTATCCACCCTAAGGAAGAGAGCTCTACAGCAAACCTTAGAAAACTTTTTCAGTGAAGGGCCAGAGAGTCAACATTTCAGGCTTTCAAAGCCACATGGCCTCTGGGCCCACCATTTATTGATTTGTGGAAGCAAAATCAATAATGCCTGGGGGCAGAGTTCAATGCTCTAACACAGCTGACTGGACAAAAACAGGGATTGCCATGGTGGCTTACACCTGTAATCCCAGCACTTTGAGAGGCTGAGGTGGGCAGATCACTTGAGGTCAGGAGTTCTAGAACAGCCTGGCCAACATGGAGAAACCCCAATTCTACTAAA	False	0.0155509999999999	0.0437899999999999	0.078271	0.042841	0.0438209999999999	0.0244749999999999	0.044194	0.027902	0.901084	0.0614779999999999	0.12797	0.070032	0.021451	0.014759	0.043885	0.040743	0.0387919999999999	0.017188	0.054469	0.017678	0.057175	0.7852800000000001	0.055312	0.1050019999999999	0.036536	0.020745
TGATGGACGGCATACATAATGGTGGTCCCATAAGAATATAATGGGCTGGGTGCAGTGGCTCTCACCTGCAATCCCAGCACTTTGGGAGGCCGAGGTGGATGGATTGCCTGAGGTCAAAATCAATAGACCAGCCTGGCCAACAGGGTGAAGCTCTGTCTCTGTGCCTGAGGGCAAAACAATTAGCCAGGCATGGTATTGATTTCCTGTGATCCCAGCTAAATCAATAGCAGATATTGATTTACAGCTTGAACCCGGAGGGCGGAGGTTGCAGTGAGGTGAGATTGGGCCACTGCACTCCCAGCTAGATGACAAGGCAAAAC	False	0.0132409999999999	0.043656	0.0542399999999999	0.0393039999999999	0.0423319999999999	0.0349559999999999	0.038679	0.028655	0.97002	0.050962	0.115096	0.058695	0.031888	0.0113239999999999	0.06191	0.039505	0.0588169999999999	0.019329	0.045158	0.024784	0.072668	0.984939	0.058245	0.10462	0.030261	0.026055
ATAAGAAAAGAAGTTTAATTGACTCACTGTTCTGCAGGCTGCACAAGCATGGCACCATCCCTAATTAGAAATCAATAGATTGCCCTCGGGCAGTGGTATTGATTTTGGGATCAAGCAGGTCACATGGCAGAGTAGAGGCAAGACCAGAGTAGAAAGTTTTGGAAACACCATGTAAACCATCAGATCTTGTAAGAACTCACTATCGTGAGGACAGCACCAAGCTATGAGAGATCCATCCCCTTGATCCAGTCACATCCCACCAGTCCCTACCTCCACCATTGGGAATTACATTTCAACAGGACTTTAAGAGAGGATACATA	False	0.03377	0.046221	0.0826399999999999	0.0202119999999999	0.0359299999999999	0.022021	0.0298629999999999	0.024518	0.925293	0.0783399999999999	0.1205199999999999	0.038682	0.0236159999999999	0.03927	0.055782	0.047084	0.048504	0.022536	0.036317	0.0110469999999999	0.047028	0.90658	0.077381	0.09977	0.022241	0.017031
CCTTAATCCACAAGTATTGGACCCCTCTACTCCTGATTGGACCATGGATGATGCACCCCTTACCATCACATTAAAACCTTATCACCCTTACCCCCATCAACGCCAATATCCCATCCCACAGCATGCTTTTGGTGGGCCCAAGCCTGTTATCACTCGCCTGTTACCACATGGAATTTTAAAGCCTATATGGACCAATCAGAATTCTCCCATTTTACCTGTTCAAAAACCAGACAAGTCTTACAGGTTAGTTCAGCTGATTGGTCCAATCAACCAAATTCTTTTGCCTATCCACCCTGTGGTCCAAGATGGCTGAATAGGAT	False	0.022212	0.071423	0.008082	0.0024569999999999	0.019152	0.0068279999999999	0.00981	0.0007619999999999	0.006759	0.026412	0.087781	0.0092859999999999	0.002612	0.0108139999999999	0.0933019999999999	0.008187	0.005182	0.010937	0.004249	0.001085	0.011099	0.0031169999999999	0.012054	0.0957499999999999	0.007231	0.000458
GATGATATATATATATATAAAATTTATATATTAATTATATATAAATATAAATATATATATACATATAAATAAATATATTTCTATATATATTCTGGAGTCTGAGAAGCCAATTATAGATCGTTGCCCTCAGGCATACTATTTATTGATTTTGGGCAAATTAGGCAATATTGATTTTGCCTGAGGGCAGCAATTGCAATTAGACCTACTTCACTGCCTGAGGGCAAGGATTGAATGAGTTGATATCAATAAAGACAGAAGAATGCCTGGGTATAGCCATAATATGTCTTTGTTAAATAATAAAAATGTATAAACTGTTTTAT	False	0.0238639999999999	0.047688	0.069625	0.082461	0.058487	0.0195109999999999	0.021826	0.04266	0.938605	0.0614779999999999	0.123637	0.021235	0.038201	0.021722	0.070337	0.03696	0.1099649999999999	0.0412879999999999	0.03982	0.024696	0.0771179999999999	0.904795	0.057548	0.053775	0.022508	0.022326
TGGCGCACGTCTGTGGTCACAGAAATCAATAAGGCAAATCAATAAGTGCCTGAGGGCACCAGGAAAATCAATATGCACTCAGCTGTGATTGTGCCACAGCACTCTAGCCTGGGCAACAGAATGAGAGGCTGTCAAATCAATAATAATAATGAATGAATGAATGAATAAATAAGTTTAAAAGAATTTGTACAGAGATAACAGGGATCAGGCAAGTGGCATATCTGAAGGCCGTGAGCTGGCTTTAGGAATTAAAACATATAAAAATCTGTTTTTTTTTTGTTTTTTTTGTTTTTTTTTTTGAGATGGAGTCTTGCTCTGTC	False	0.0311409999999999	0.066149	0.086234	0.0683299999999999	0.07632	0.037933	0.042537	0.076368	0.927894	0.0722189999999999	0.1345209999999999	0.053755	0.0645449999999999	0.034332	0.068897	0.0652889999999999	0.1239989999999999	0.0461629999999999	0.060529	0.0304809999999999	0.13641	0.954179	0.08868	0.107613	0.0375729999999999	0.064105
ATGATGCATGGAAGGAAATCAATAGGGGGATGTGGAGGGGGGCAGGGTGCAGTTAGCAGGGGAAATCAATAGTCTCTATTGATTTATCTAATGATGCCTAGAGCTAGAGCTCAAAGGACTGCAAATCAATAAAGGCTGCAGGGATGGATCAAGTTTGGCAGTGCTTGAAGTCTGTCTGATTGGTCCACTCTTTTTTAAGAAAAGTAAGACACAATCATGAATACCCAATCAGGTACAAGGCCTTGGAATGGGCCCGTGAAAGTGTGGGGCTTATTAGCTTCATGGTAAATTCCCACCTGGAGCCTTGTTCTGCTGTCCAC	False	0.027772	0.0452309999999999	0.0348229999999999	0.024516	0.043754	0.0174919999999999	0.02669	0.017574	0.9108269999999998	0.041788	0.10064	0.027304	0.0366639999999999	0.021294	0.05604	0.022512	0.044564	0.025431	0.024605	0.015274	0.065166	0.948282	0.062094	0.070144	0.029974	0.006795
TAGATGAGGTTGTGAAGGTGCAGACAGCTAGGCTCCTGGTGCACACTGTGTTCTTATTAAACACTATGGTCACAGTTGTCTATTGATTTGGATCCTATTGATTTCCTGCCATTGGCCTCCTCTCTGCACTGCTGCTGCCTGAGGGCAACTCTATTGATTTTCACTCCCCACTCTGATATTGATTTCTTGCAGAGCTGTGTTCTCTGACCCCCTCCTCCTTTCCAGTCCTGCCCTTCCACTCCCTCCGGAGTCATCCTGTGAGGGCTCACAATGGCCTTTTACTTCTCCCCACACAATGAACATGCTGGGAACTTCCACCA	True	0.050275	0.046379	0.0601839999999999	0.046563	0.044784	0.030292	0.03451	0.0328959999999999	0.992002	0.062374	0.122732	0.0520439999999999	0.049336	0.0572349999999999	0.053097	0.055267	0.074418	0.033203	0.039381	0.019546	0.076054	0.997339	0.038851	0.083985	0.0239349999999999	0.033165
AGTAATCATCCATTGTATGGATATACCACATTTTGTTTATCTATACAACTGTCAATGGACCCTGGGTTGCTTCCACCTTTTGGCTACTGTGAATAAGATGCTGTGAACATGGGTGTACAACGTCTGTTTTGAGTCTTTGCTTTCACTTCTCTGAGTTTATACCTAGAAGTGAAATTGATAGATCAGCCTGGCTGCCTATGTTTAATTAGTTTTTGTTGCCCTCAGGCAGAGTCTCACTATTGATTTCAGGCTTGAGTGCACTTATTGATTTTTGGCTCACTAAATCAATAGCTTCCCGGGTTCAATCAATTCTCTTGCCT	True	0.026541	0.06874	0.0978039999999999	0.070753	0.08736	0.0295169999999999	0.035542	0.037123	0.975276	0.052336	0.0935449999999999	0.0438589999999999	0.045722	0.022847	0.056584	0.050412	0.093362	0.0537419999999999	0.044374	0.021436	0.094259	0.966387	0.0686389999999999	0.069573	0.021325	0.023476
TCATTCAGGTTGTGGGTCCATGACCCTGTGGCCCCCAAGATGGCTGAATAGGAACAGCTCTCCCCAGCAAGCCTGATGACAGTGGGTGTGCCTTGTGCCTTGGGATGGCTTCTGTTGACTTTAGTGGCCTTTCCCAACCCACCCCTTTCCCAGCATTGCCGCTTTGTGGGCTATAAATCAATATTGTAGCTGCTGGGTGCAATGCTGCCCTGGGGCGGGTTGGGAGGATGTGACCGGTCAGAGTATTGATTTCCTTACTGGACGCTCCAAAGCCCAAATCAATAAATGGGATGTGTGGGCACTAGAGTGGTGGCATGCCA	False	0.042455	0.0554629999999999	0.088712	0.0344339999999999	0.076517	0.056958	0.051643	0.06677	0.903021	0.080055	0.160636	0.067446	0.0119009999999999	0.021465	0.080633	0.055574	0.022586	0.042587	0.026363	0.034199	0.1292279999999999	0.844392	0.052396	0.102308	0.036607	0.02789
GGCTATTTTAACAAGTGCTTCGCAAACTTTCATACGCATGTCAATTACCTCAGTTCTTGTTAAAATGCAGACTATGATTCAGTAGGTCTGGGGTAGTGCCTAAGTTTCTCCATGCCAAAGAGCAATCAATATGTATTGATTTCTGGTATTCAGACCATGTGAAGTGAAGTGGAGCCAAAAAATCAATACATGTTCCATCTATCAATACATGCCCTCAGGCACACTGCCCTCAGGCAACACACACACACACAAACAATTTTTAGAGACGGGGTCTTGCTCTGTTGCCCAGGCTGGAGTGCAGTGGCACAGTCATAGCTCAC	False	0.0522469999999999	0.083038	0.152556	0.0744359999999999	0.082512	0.0582309999999999	0.0588589999999999	0.0743279999999999	0.9223569999999998	0.089195	0.1874829999999999	0.115463	0.0890969999999999	0.046617	0.1065239999999999	0.0748559999999999	0.0890539999999999	0.063707	0.0834029999999999	0.0525689999999999	0.129147	0.967078	0.105233	0.120917	0.060793	0.045279
ACCTCTGCCCCCCGGGTTCAAATGATTCTCGTGCCTCATCCCCCTGAGTAGCTTGGGATCACAGGTGCATGCCACCATGCCTCGCTCTGATTGGTCCATTTTGTATTTTTAGTAGAGACAGAGTTTTGCCATGTTGGCCGAGCTGGTCTTGAACTCCTAGCCTAAACTGATCCACCTCCCTTGGCTTCCCACCGTGGTGCGATTACAGACATGAGCCAAATCAATAGGCCATATTGATTTTTTTAATCAACCAGAAAATCAATAAGCTCACTCACTAGCACGAGAACAGCAAGGGGGAAATCCGCAGCCAGGCCCAATCA	False	0.039027	0.0737419999999999	0.062306	0.0268609999999999	0.064584	0.043909	0.037785	0.032865	0.868583	0.044089	0.1985649999999999	0.048308	0.0321479999999999	0.035993	0.149639	0.026427	0.057164	0.05659	0.04517	0.0117079999999999	0.0858489999999999	0.9474840000000002	0.079714	0.126379	0.039944	0.014406
CTTCCCCGGCTGGCATCAAAATCAATACAAATCAATAGAAGCTCTATTGATTTGGGAACTGCATTGCCCCAGAGCGGGAGTCACAGCCCTATTGATTTGAGCTCCCAGGGCTGGGCCGCCCAAAGGGCTGCAGCTCTTCTCTCCTTGTCTTCACTTACAATGTGGCAAGCAAGGGGCATGTTTCAGCCCTGTTTGTATTACAACTCTTTTAGCCTCACCATTCAGTGGTTCCTGATTTCTTGACCTGTGACCGGGAAGAATGTGGTACGCAGACAAGTGGAGGTTGAACAGGACATGGACCAATCAGATTGAACACTAGA	False	0.0933669999999999	0.14747	0.040487	0.03244	0.059262	0.023881	0.026194	0.014528	0.887476	0.0549649999999999	0.13372	0.042834	0.068247	0.0844409999999999	0.177641	0.039089	0.062966	0.032775	0.034835	0.020954	0.052159	0.8769079999999999	0.063263	0.093957	0.028553	0.015045
GCAAGACTCTGTCTCAAAAACAAACAAGCAAAAAGAAGATGGCAACGTGAAGTTGGAGGCACAGGAAGGACACCCATGAGATAAAGACGGCAGAAACTGGAGCCCTGCAGCTGCCAACCAAGGATCAGCACAGATTCCCTGCAAACTGGAAGAAGCCAGCAGGAGGCTATTGATTTTTTCTATTGATTTTCAGATTGGCCACGGCCCTCCCAACAAAATCAATATTGACCTCTGGTTTTCAGGACACAAGATGATAGATTTCTCATGTTGAAGCCGTTTACTGATTGGTCCATTGTTGTTACAGCCCTTGGACCCACATA	False	0.042709	0.0858019999999999	0.0574369999999999	0.018925	0.036892	0.0109749999999999	0.0195559999999999	0.0165459999999999	0.7728489999999999	0.025227	0.100464	0.023113	0.016177	0.024999	0.10949	0.02324	0.024455	0.026839	0.0169539999999999	0.0057129999999999	0.162974	0.8979440000000003	0.036897	0.0716039999999999	0.0221269999999999	0.012482
CAGTCAGCAGCAGCCACATTGAAGTTTATTGATTTTTTCATTGAGCTGCACTGGGTGTGTCAGGCAACTCATTAATTTGTATTGATTTATGTCGATAGGATTTGTTGCTGTAGAGTCTAATAATTGATTTAGCTTTTGTCATGTGGGTCCACATCCTTCCAAGATGGCTGAATAGGATATTATTGATGCTCTTTTTAGCCTCTTATTTATACTTTTGCTTTAACATTCAGGTGGCTTCTAGTCTGAGAAGTTACAGTGACCACGTTTGAGTATCTGTGTTTTGTGCCAGTTTTCAAGTCTTGATTTTCTTCTTTCTGTTC	False	0.029454	0.0458769999999999	0.050374	0.016845	0.043438	0.033467	0.032342	0.0201019999999999	0.7974090000000001	0.055434	0.105552	0.04104	0.0464879999999999	0.0278559999999999	0.1033959999999999	0.031283	0.024185	0.025175	0.0212869999999999	0.016748	0.1028739999999999	0.843931	0.057077	0.073342	0.0292979999999999	0.029868
AACTTCTGGCCTATGCTTTTCAACCTTTGTCAGCCTAAGTTTCTCCTTCTTTGGGAAGCTGTCTCAGGCCTTACAGATTCTGGGTCACTCTGGGTTCATTCGCTCCACTGAAATCAATATGCACCAAATCAATATTGCCTGTTCCCTTGTCTGTCCTTGCCCTCAGGCAACCTATTTCTATATATATTGGTCCAACTTCTGGAATGCATGTGCAGAACATGCAGATTTGTTACATAGGTATACATCTGCCATGGTGGTTTGCTGAACCTATCAGCCCGTCATCTAGGTTTTGAGCCCATCATGCATTAGGTATTTGTCGT	False	0.0235429999999999	0.050381	0.151285	0.07305	0.053673	0.029472	0.036483	0.025465	0.931758	0.042443	0.1264529999999999	0.044478	0.070963	0.014439	0.05472	0.073851	0.080599	0.042497	0.0507079999999999	0.024212	0.0533259999999999	0.95669	0.0471869999999999	0.093634	0.0239799999999999	0.0532079999999999
TCGCTTCATTTCATTCATTTCATCTTCCATTGCTGATATCCTTTCTTCCAGTTGATCACATTGGCTCATGAGGCTTCTGTGTTCTTCACCTAGTTCTAGAGGTGGGTCCATCAGCTCCATCAGCTCCTTGAAGCACTTCTCTGTATTGGTTATTCTAGTTATACATTCTTCTAAATATCTGATTGGTCCATCAACTTCTTTGCCTTTGGTTTGAATGTCCTCACGTTGCTCATGGTGGGCCCATCGTGTGGGTCCATCTTCTCTCAGCTCATCAAAGTCATTCTCCATCCATATTGATTTAGTTGCTGGTGAGGAACTGC	False	0.00665	0.026224	0.002327	0.0027309999999999	0.012645	0.0025919999999999	0.0129169999999999	0.000237	0.002995	0.0102319999999999	0.045207	0.005071	0.001585	0.005534	0.02636	0.004468	0.008666	0.006364	0.0031549999999999	0.000329	0.003538	0.000526	0.0033819999999999	0.031678	0.004187	0.00024
AATTAGCCGGGCATGCTGATTGGTCCATGTAGTCTCAGCTACTTGGGAAGCTGAGGTGGGAGGATCACTTGAGCCCAGTCAGATGAAGCTGCAGAGAGCCAAGATAGTGCCACTCAAAGATGGCTGAATAGGAAGAGCAAGACTCCATCTCAAAATTGGACCAATCAGAAATAAATAAATAGATAAATAAATAAATAAATATTGTAAAATTGGCCAATGGACCAATCAGACACTTGTGATCCCATCACTTTGGGAGGCCAAGGTGGGTAGATCATCTGAGATCAGGACTGATTGGTCCACTGGCCAACATAGTAAAGCCA	False	0.0182939999999999	0.0919629999999999	0.002163	0.00121	0.00985	0.001104	0.0018749999999999	0.000437	0.00144	0.005867	0.072337	0.0034909999999999	0.000849	0.008811	0.091709	0.0020499999999999	0.0034899999999999	0.005202	0.000611	4.199999999999999e-05	0.0016569999999999	0.000847	0.0047469999999999	0.076232	0.001321	0.00025
ATCAACATTCTGAAGGGAGGTAAGCAGCCACATGGAAAGACAGGTGTCTGTGTTTGGGACACCAACTGAGGTCCTTTGGGACAGCCAACTTCAACTCCCAGACATGGGAGTGAGCAAACCCAGCCACCCTGCTGTTGGAACTGATGCTGAGGGGTGCAGAGTTGAGCTACCCTGCAGATCCCTGCCCAAATTGAAGACTCAGGAGTAAATATTGATTTGTTCTTATTTTAAGTACTGAGCTTGCCTGAGGGCAGTTATAGAAAATCAATAATTGGCACAGACAGCCATGTGGATGCCAGTGCTGAAAATCAATAGCTGAA	False	0.0215379999999999	0.0430759999999999	0.079707	0.072444	0.0673469999999999	0.035769	0.050236	0.0508949999999999	0.8923449999999999	0.057039	0.128461	0.064923	0.054109	0.0168909999999999	0.052662	0.052864	0.126351	0.042347	0.060296	0.032153	0.0946559999999999	0.930871	0.058329	0.074469	0.034114	0.050716
ACAGGCGTGAGCCAGGGCCCACCATCGGTTACTTTCAAATTTTAGCAATTATGAATAAAGTCTCTGTAGACATTCACATGTGGGTTTTTGTGTGGACATAAGTTTTCAACTCATTTGAGTAAATACCAATAAGAGTGATTGCTGATTTCTGGTTTATTTATTTATGTATTTTTCTGATTGGTCCACTATTGCTCTGTCACCCAGGCTGGAGAGCAGTGTATTGATTTCAGGTCACTGCATATTGATTTTCCAGGATATTGATTTTTCTCCTGCGTCAGCCTCTAGTGTAGCTGGGATTGCAGCACATGCCACCACACCCG	False	0.0319739999999999	0.0682289999999999	0.0657469999999999	0.040408	0.066634	0.035432	0.0291749999999999	0.0571089999999999	0.8224740000000001	0.038305	0.109029	0.037749	0.06999	0.020538	0.071777	0.05808	0.042997	0.064256	0.0923699999999999	0.020782	0.074315	0.963069	0.0582189999999999	0.089007	0.0351789999999999	0.0626949999999999
GTGCTGGGATTACAAGTGTTGGACCAATCATCCAGCCAATTGGTCTATATTTTATGGTAGTAAATCATAAAGACTAGTATCTACATATATTTTATGTATCTGATTGGTCCATTTTTCATTATTTTTTCAGTATCTCTCTGATTGGTCCATTCATCTCTGAGGTTTTTCAAATTGTCATAAATTTCCAATAAATTCTTCTATATACTTATTGAAAAATATCTGATTGGTCCACTCAATGGACCAATCAGGCCTGTAATCCCAGCACTTTGGGAGGATGTGGTGGGCGATCACGAGGTCAGGAGATCAAGACCATCCTGGCT	False	0.020418	0.05517	0.002011	0.00112	0.0107	0.000288	0.004601	0.000415	0.0015379999999999	0.004678	0.049603	0.0019959999999999	0.002281	0.00861	0.065494	0.000421	0.0084679999999999	0.006055	0.000258	7.399999999999998e-05	0.002773	0.000957	0.004814	0.054519	0.001953	4.3e-05
CCTGACCTCAGATGATCCACCCACCTAGGCCTCCCAAAGTGCTGGGATTACACTGATTGGTCCATGCGCCCAGCCATAAAACTTGGTACTTGCCTATAAGGGGGCTTCGTCCTGCTTCCTGCTGGCTGCCAGGCCTCCTTGCTGGAGGTGCAAAGAAGGAGAACAGTAATAACAGAAATCAATAGCTGAGTGCTTGCTTCATGCCATGCACTGTCTGAAAAATCAATAATGTATTGGTGGATTTCATTGTCCCAGCGAGCCTATTGATTTGGGCTATTGATTTGGCCTACTTCACAGCTGAGAAACTTCAGGCATGCAGA	False	0.032046	0.087409	0.045485	0.0220459999999999	0.042973	0.021028	0.028436	0.017908	0.8791329999999999	0.0224209999999999	0.1118869999999999	0.059702	0.041132	0.0216169999999999	0.0721229999999999	0.034343	0.028662	0.043134	0.057976	0.0085069999999999	0.0524	0.918847	0.078943	0.094999	0.0286829999999999	0.033118
GCCAGATGTGGTGGCACATGCTTGTAATCCCAGCTACTTCGGAGGCTGAGGCAGGAGAATAGCTTGAACCCAGAGTGTGGAAGTTGCAGTGAACCAAGATCATGCCACTTCACTCCAACCTGGGCGAAAGAGCAATACTTCATCTCAACAAAAGAAAAGTATATAAAAAAAAAAAAACTAGCCAGGCTTTGCCCTCGGGCATTGATTTCCCTTCTAATTGGATGGCTGATATTGATTTATCCCTGGTGCCTGAGGGCATAAAAATCAATAGAGCAGTGGTTGCACCACCTCACTCCAACCTGGGGTCAGAAGGAGACCCT	False	0.037646	0.055964	0.066013	0.056759	0.0453379999999999	0.0429699999999999	0.0367059999999999	0.050905	0.8834989999999999	0.066943	0.1720109999999999	0.068092	0.035481	0.0211849999999999	0.076012	0.050209	0.086928	0.018524	0.0576579999999999	0.034496	0.109166	0.8964999999999997	0.0587279999999999	0.101921	0.037822	0.032062
GCAAGGCCCCAACCCTGTGCCCTGTCCCATCCACAGGGGACTCAGGCTGGCTGTGGCACAGGCATGGAGCAGAGAGAGGCTGGCTGTCTTAGGGCAGGGAGACTTTCCCAGAAAGGGCAAGGCCAGGGAAAATCAATAACCCCGGGAATGTCACTGGGTTGTTTGATGGATTAGTAATCATGGTCACAACATTCTTGCCTGAGGGCAGCCCAGAAAATCAATATTGTTCTCTGCCTCTTTAGTCTGGGCGGGACTTGATACCCCCTGTGGTCTCCTGAATGTGGTTATTGATTTATTGTGTGTGGGGCCCACCAAAGAGG	False	0.1148939999999999	0.098484	0.105009	0.077304	0.071917	0.068447	0.062348	0.0489509999999999	0.8866330000000001	0.117465	0.1272589999999999	0.071343	0.119797	0.07217	0.095934	0.0814189999999999	0.0908239999999999	0.047401	0.091725	0.041864	0.143943	0.9627709999999996	0.098989	0.132953	0.0381359999999999	0.0710469999999999
CGGACTGTGCATAATTTGCCCTCAGGCTGCCCTCAGGCATTTTCTATTGATTTTCCCTATTGATTTTCAGCTTCCAGTAGGCCGGGCACGTTGGCTCACACATGCACTCCCAGCTGATTGGTCCACCAAGGCGGGCAGATCATGAGGTCAGGAGATCGAGACCATCCTGGCCAACACGGGGAAACCCCATGTCTACTAAAAATACAAAAAGTGAGCCGGGCATGGTGGCGGGCACCTGTCATCCCAGCATCATGGGAGGCTGAGGTGGGAGAATGGGGTGAACCTCGGAGGTGGAGCTTGCAGTGAGCCGAGATCACTCC	False	0.0360379999999999	0.084766	0.040593	0.0182719999999999	0.0421589999999999	0.017095	0.0284169999999999	0.016398	0.8626960000000001	0.018942	0.1116759999999999	0.034828	0.0158519999999999	0.018124	0.0800259999999999	0.084077	0.0353659999999999	0.025699	0.01682	0.009379	0.047436	0.8924820000000001	0.028569	0.100413	0.020331	0.012691
ATAAACACACTTAAATGCATACAATAAAATGAATGCTGTTTCCTTCAAAGTAACCCTCCTTTGCAGATATAGTCTAACCAAGCCTCTATTGCCCTGCCCAGCATGGATCTGAAACTCTCCTCCGTAAATTCTCTAGTACTCTAGGACCGCCCCTTCTAAAATCAATAATGAATCCCAACTGACTGAGGACATAGATTATTGATTTTTTTGGCTCCCTTTCGCTTCATGGCCTGAGGGCAAATGCTAATTAAAATCAATAGGAAAGCTAATACACCCTCAAAGGCCAATGCACCTTCATTTAGCTCACTCAGGAGAGAGGC	False	0.056744	0.074489	0.104734	0.1162939999999999	0.0831069999999999	0.077615	0.079565	0.116288	0.8172449999999999	0.108888	0.21606	0.13288	0.0925569999999999	0.06256	0.075437	0.0693159999999999	0.141262	0.084734	0.111177	0.065832	0.1896709999999999	0.974458	0.095119	0.123427	0.0757019999999999	0.077556
GCCTGAATGATCCCAAATTCCAAGTAAAAGAAGGCTAAAGCATAAAGTGGAACAGTAGCTACATAAGGTGACATGCTTGCCAAGCCTTGCATATTTTAAAGCATTATATAGAAAGTGTTATGAGCCTGATGTTCGATAAATTTGACTTGGATTGGTTAAAGTTCAGATCTTAATATAGGAAGAGGCCTCAATGTAATTTTAATTCTATTGATTTCATGATGCAGGATGTAACCCTCTATCCTTAAATGCCCTCAGGCAATTTCTATTGATTTATCTATTTGTGCTAGTAATGCCCTCAGGGAATTTTTATTGATTTTAGA	False	0.0321309999999999	0.044467	0.1115179999999999	0.0616409999999999	0.064618	0.05336	0.044833	0.04067	0.8024839999999999	0.0553529999999999	0.1017609999999999	0.035905	0.082839	0.028317	0.061587	0.054819	0.0741959999999999	0.053956	0.049256	0.037548	0.1743189999999999	0.879379	0.0631	0.07339	0.028655	0.061499
ACATCAATATGAAACCCCAGTCTGATTGGTCCACCCAGTTGACTAATTTCAGCTAAAGTAACCTAGCAATTTAGTCGTTAACAGATGAGAGGCTTGAGGCCAGCTCTAAAATCAATATTGTTACATTTTGCCTCAGGGCAAAATCAATATGATATTGATTTCTGTTCTGTCACAAGGGCTGGAGTGCAGTGGCGTGATCTCAGCTCACTGCAACCTCCGCCTCCCGGGTTCAAGCAGGTCTCTGCCTCAGCTTCCCAAGTAGCTGAGATTACAGGCGCCCACCACCATCCCCAGCTAATTTTTGTATTTTCAGTAGAGAT	False	0.027232	0.1062539999999999	0.134016	0.052005	0.046536	0.038944	0.04807	0.04617	0.924912	0.028211	0.1650909999999999	0.066543	0.071978	0.020498	0.0997779999999999	0.057035	0.096494	0.0537129999999999	0.077588	0.038902	0.147499	0.940053	0.0664029999999999	0.1220899999999999	0.039759	0.034528
ATCCCCCTTTTCCACACAGAGAAACTGAGCTCTCTCACTGCAGGATTTCAATGTATCTATTGGACCCACCAGTGAAACAGTCAATTGCCCTCAGGCAATTTCACAGAAATGAAAATAGGCTCAGAGAGCTATTGATTTTTGCCCAAGGTCACACAGAGCTTATTGATTTTGTGTCTTATTGATCTACCCAAGCAGTTTGACTGTAGATCCCACTCTGTTCATCCCAGCTTGCCTCTCCTCAGCTTCTTGGTGTCTTCTGAGAGGTGAGTGTGGATGAGGAGGGGAATTTTTTTCTCTGTGACATGGCTCTCGAAGCCTTT	False	0.033922	0.047754	0.1485179999999999	0.0380859999999999	0.059064	0.038426	0.035248	0.049242	0.95144	0.048845	0.107536	0.047016	0.047468	0.026902	0.071349	0.050424	0.0784419999999999	0.0468349999999999	0.0337649999999999	0.02691	0.092978	0.968429	0.056282	0.1117539999999999	0.028177	0.039202
AGAGGCTCAGTGACTTGGCCTAGGGACCCTGACTCCCAGCTGTACTTCTCTTCACTGGGCCCTGTGCCTGCCAGTTGAGCAAAGCCAAAGACAAAATCAATATTGACCCTAGAAAAAATCAATAACCCATTTTGCCTGAGGGCACCCAGAGCTGCTACTACTCAGCTGCACAAGAAATCAATACTTGTCCATAGCAGTGTGGGCTGCTCTGGAAGCAGACACATCACCAAGATGGCTGAATAGGAGGCATAGGAGATGTCTTGCTGGATTCACCAGTCTGGTTCTCATTCTCCTTCATCTCCTTGTGCCAGGCTTCTGCT	False	0.044826	0.047069	0.069873	0.0331559999999999	0.063191	0.0247949999999999	0.038417	0.043035	0.994101	0.0594579999999999	0.136868	0.0564909999999999	0.0577999999999999	0.021809	0.051362	0.044338	0.0218869999999999	0.035591	0.028974	0.0287809999999999	0.0884109999999999	0.998819	0.048251	0.095794	0.034361	0.035317
TTCCCTTTCCATGGGAGCAACTGCAGCAGAGTCGATATTGATTTTACAGGACCAGTTGTGCCAGCTAATTAAATATTGATTTCTCCCATAGCCACCAGGCAGGGAGGGACAGCAGCAACCAGAGGGCCGGCTGGTCATGGCACTCTTCCCCAAAAACCCAAGATGGCTGAATAGGACCTTCATTCCCAGTCTCCAAGCATCCTTGTTTTCTCCTATCGCCCCAAGAGCAGTCTTTCTGGTGGGTCTCATTACAAACATTTCTGATTGGTCCACTTGGTCTTGGACATTTCTTTTGCCCATTTCCCTTTCTGGAGAAGAGC	False	0.055876	0.0612069999999999	0.049084	0.01694	0.051697	0.023873	0.026736	0.013881	0.927155	0.0357269999999999	0.094163	0.018685	0.0645869999999999	0.049797	0.089897	0.037227	0.011596	0.060896	0.0118369999999999	0.0167619999999999	0.052256	0.927304	0.0471419999999999	0.079637	0.0129529999999999	0.0377109999999999
CTAGGGCAAGCTTGCATCCTCCCTATACTACCATAGCTGATGATCTCATGAAAGTGCCAGCTCCAGGCTGGAGGCTGATGCCCTCAGGCACAGCACACTAAACAAAACAACAACCAATATTGATTTCAGTATTGATTTCACTCTGCCTGAGGGCACACCAGAACATGTGCTGGTTCCCACGGCTGCGAGACCTGATGATGGATTGGACCAATCGGGATGTTTGCATGGATGTGATGAAAAGGGAACACTTTTACACTGTTGGTGGGAATATAAACTAGTAAAACCACTATGGAAAACAGTGTGGAGATTCCTTAAAGAAC	False	0.044029	0.055164	0.173699	0.072565	0.065808	0.01764	0.026346	0.017068	0.95234	0.034211	0.1152029999999999	0.0280319999999999	0.027654	0.030286	0.103484	0.181823	0.208583	0.035127	0.0533709999999999	0.016956	0.0734369999999999	0.967299	0.0624519999999999	0.074676	0.023867	0.026927
AGATATTATTAAAATTTATTATAAATACACAGTTGATCACATTATGGATATCTTACATATTACTATGGAAATAAGGCCAGGCACGGTGGCTGACACCTGAAATCCCAGCATTTTGGGAGGCCGAAGCAGGCGGATCACAAGGTCATGAGTTCGAGACCAGATGGGCCAATTGGACCAATCAGTGTCTCTACAAAAAAAATACAAACATTAGAAGGCATGTTGGCATTGGTCTGTAATCCCAGCTACTCAGATGCCTGAGGGCAGAGATGCCCTCAGGCATGGTATTGATTTGTTGCAGCAAGCTGAGTATTGATTTCTGC	False	0.020952	0.052868	0.150075	0.043293	0.067082	0.0158859999999999	0.035505	0.0463549999999999	0.717935	0.0355469999999999	0.0995639999999999	0.024844	0.023745	0.012665	0.133208	0.159696	0.081502	0.041558	0.029617	0.025195	0.062929	0.8515090000000001	0.041183	0.087479	0.0182409999999999	0.008302
TTGATATGTATTGCCAAACTGCTGCAGCCAGGCAATCAATAAGTTTATGCCCCAACAGAAATTGATCAAAATAGATATTGATTTTGCCCTGAGGCTTCATGCCCTCAGGCACAGTCATGTGAGAATTAATTGACTGAGGGCACAGAGCATTGGTTAAAGATAAACAATTGATATATTTTTGTTTAAGATAAAATGAAGGCAGAAGGCATCCTTAAAATGCTAATAAATGCTGAGAATTGAAAAAGATCTACTAGGAGTGTGCCAGTCTTCCCGATGTCCCGCTCCCTCAGTGGGGGATGTTCCTCCCGAGTTCCTCCCAC	False	0.055202	0.0686399999999999	0.136724	0.07363	0.075498	0.0423969999999999	0.04269	0.0440949999999999	0.933387	0.055706	0.1171919999999999	0.0506029999999999	0.047758	0.031937	0.103011	0.062475	0.09457	0.0507349999999999	0.083739	0.028142	0.102766	0.9712210000000002	0.0913739999999999	0.0855759999999999	0.0267729999999999	0.0395409999999999
ACTCTCCTTTCAGCATTTTCCATGGTTCTGGTCCACCTTGAATTTCCTTACTGGCAAAAGCTTCTCTGATTGTTCCAGATGAAGTCCAAGTTTCTTCTTGTTCCAGATGTGCTGCTTCAGACGGTGCCCAAACTGGTATTGATTTTCATGGCCTGATTGGTTCATTGCCAGGGAAATCAATAGAAGGGACAATGAACCTCAGTCTAGCCAAGTCTATACTCACAATGTTCTGGATTATGAAAGCCCCAAATAGCAATAAAGATACAAACAAAATTGGCCAGGTGTGGTTAATGCCTATGGACCAATCAGTTTGGGAGGCC	False	0.0580049999999999	0.067842	0.009056	0.009915	0.030352	0.007511	0.0076999999999999	0.003565	0.105218	0.0282779999999999	0.083921	0.0083469999999999	0.0090629999999999	0.02117	0.065323	0.021707	0.0131439999999999	0.040841	0.01464	0.002528	0.0147489999999999	0.338797	0.021446	0.05404	0.005856	0.004599
